[{"stream_name":"stderr","time":11.521666919,"data":"0.00s - Debugger warning: It seems that frozen modules are being used, which may\n"}
,{"stream_name":"stderr","time":11.521729564,"data":"0.00s - make the debugger miss breakpoints. Please pass -Xfrozen_modules=off\n"}
,{"stream_name":"stderr","time":11.521733609,"data":"0.00s - to python to disable frozen modules.\n"}
,{"stream_name":"stderr","time":11.521736145,"data":"0.00s - Note: Debugging will proceed. Set PYDEVD_DISABLE_FILE_VALIDATION=1 to disable this validation.\n"}
,{"stream_name":"stderr","time":12.30384827,"data":"0.00s - Debugger warning: It seems that frozen modules are being used, which may\n"}
,{"stream_name":"stderr","time":12.303874052,"data":"0.00s - make the debugger miss breakpoints. Please pass -Xfrozen_modules=off\n"}
,{"stream_name":"stderr","time":12.303878261,"data":"0.00s - to python to disable frozen modules.\n"}
,{"stream_name":"stderr","time":12.30388139,"data":"0.00s - Note: Debugging will proceed. Set PYDEVD_DISABLE_FILE_VALIDATION=1 to disable this validation.\n"}
,{"stream_name":"stdout","time":13.656658675,"data":"\n"}
,{"stream_name":"stdout","time":13.656721755,"data":"========================================================================\n"}
,{"stream_name":"stdout","time":13.656727408,"data":"[04:03:21] CELL 1/13  START  — Environment check\n"}
,{"stream_name":"stdout","time":13.656732696,"data":"========================================================================\n"}
,{"stream_name":"stdout","time":13.715845392,"data":"Fri Aug 14 04:03:21 2026       \r\n"}
,{"stream_name":"stdout","time":13.715878117,"data":"+-----------------------------------------------------------------------------------------+\r\n"}
,{"stream_name":"stdout","time":13.715890372,"data":"| NVIDIA-SMI 580.159.04             Driver Version: 580.159.04     CUDA Version: 13.0     |\r\n"}
,{"stream_name":"stdout","time":13.715893176,"data":"+-----------------------------------------+------------------------+----------------------+\r\n"}
,{"stream_name":"stdout","time":13.715896213,"data":"| GPU  Name                 Persistence-M | Bus-Id          Disp.A | Volatile Uncorr. ECC |\r\n"}
,{"stream_name":"stdout","time":13.71591285,"data":"| Fan  Temp   Perf          Pwr:Usage/Cap |           Memory-Usage | GPU-Util  Compute M. |\r\n"}
,{"stream_name":"stdout","time":13.715917096,"data":"|                                         |                        |               MIG M. |\r\n"}
,{"stream_name":"stdout","time":13.715921371,"data":"|=========================================+========================+======================|\r\n"}
,{"stream_name":"stdout","time":13.817238773,"data":"|   0  Tesla T4                       Off |   00000000:00:04.0 Off |                    0 |\r\n"}
,{"stream_name":"stdout","time":13.817258319,"data":"| N/A   39C    P8             11W /   70W |       0MiB /  15360MiB |      0%      Default |\r\n"}
,{"stream_name":"stdout","time":13.817280049,"data":"|                                         |                        |                  N/A |\r\n"}
,{"stream_name":"stdout","time":13.817284787,"data":"+-----------------------------------------+------------------------+----------------------+\r\n"}
,{"stream_name":"stdout","time":13.817289189,"data":"|   1  Tesla T4                       Off |   00000000:00:05.0 Off |                    0 |\r\n"}
,{"stream_name":"stdout","time":13.817292787,"data":"| N/A   34C    P8             11W /   70W |       0MiB /  15360MiB |      0%      Default |\r\n"}
,{"stream_name":"stdout","time":13.817296602999999,"data":"|                                         |                        |                  N/A |\r\n"}
,{"stream_name":"stdout","time":13.817300726,"data":"+-----------------------------------------+------------------------+----------------------+\r\n"}
,{"stream_name":"stdout","time":13.817314704,"data":"\r\n"}
,{"stream_name":"stdout","time":13.817318192,"data":"+-----------------------------------------------------------------------------------------+\r\n"}
,{"stream_name":"stdout","time":13.817321678999999,"data":"| Processes:                                                                              |\r\n"}
,{"stream_name":"stdout","time":13.817325245,"data":"|  GPU   GI   CI              PID   Type   Process name                        GPU Memory |\r\n"}
,{"stream_name":"stdout","time":13.81733447,"data":"|        ID   ID                                                               Usage      |\r\n"}
,{"stream_name":"stdout","time":13.817337172,"data":"|=========================================================================================|\r\n"}
,{"stream_name":"stdout","time":13.817339415,"data":"|  No running processes found                                                             |\r\n"}
,{"stream_name":"stdout","time":13.817341667,"data":"+-----------------------------------------------------------------------------------------+\r\n"}
,{"stream_name":"stdout","time":14.231220779,"data":"internet: ON\n"}
,{"stream_name":"stdout","time":14.231246931,"data":"\n"}
,{"stream_name":"stdout","time":14.231252038,"data":"========================================================================\n"}
,{"stream_name":"stdout","time":14.231255961,"data":"[04:03:21] CELL 1/13  DONE   — Environment check   (0m 0s)\n"}
,{"stream_name":"stdout","time":14.231260123,"data":"========================================================================\n"}
,{"stream_name":"stdout","time":14.246801328,"data":"\n"}
,{"stream_name":"stdout","time":14.246820567,"data":"========================================================================\n"}
,{"stream_name":"stdout","time":14.246825837,"data":"[04:03:21] CELL 2/13  START  — Layout + restore previous cache\n"}
,{"stream_name":"stdout","time":14.246829815,"data":"========================================================================\n"}
,{"stream_name":"stdout","time":15.585164242,"data":"\n"}
,{"stream_name":"stdout","time":15.585201681000001,"data":"\u003e\u003e\u003e no previous checkpoint attached; starting from scratch.\n"}
,{"stream_name":"stdout","time":15.585207657,"data":"\u003e\u003e\u003e If you meant to resume, stop now and attach the previous\n"}
,{"stream_name":"stdout","time":15.585211841,"data":"\u003e\u003e\u003e notebook output via Add Data -\u003e Notebook Output.\n"}
,{"stream_name":"stdout","time":15.585216026,"data":"cwd: /kaggle/working/FYP\n"}
,{"stream_name":"stdout","time":15.585219708,"data":"\n"}
,{"stream_name":"stdout","time":15.585223505,"data":"========================================================================\n"}
,{"stream_name":"stdout","time":15.58522767,"data":"[04:03:23] CELL 2/13  DONE   — Layout + restore previous cache   (0m 1s)\n"}
,{"stream_name":"stdout","time":15.585232106,"data":"========================================================================\n"}
,{"stream_name":"stdout","time":15.602567312,"data":"\n"}
,{"stream_name":"stdout","time":15.602600747,"data":"========================================================================\n"}
,{"stream_name":"stdout","time":15.60260626,"data":"[04:03:23] CELL 3/13  START  — Helpers\n"}
,{"stream_name":"stdout","time":15.602610542,"data":"========================================================================\n"}
,{"stream_name":"stdout","time":15.604249208,"data":"helpers ready\n"}
,{"stream_name":"stdout","time":15.604277234,"data":"\n"}
,{"stream_name":"stdout","time":15.604294942,"data":"========================================================================\n"}
,{"stream_name":"stdout","time":15.604300346,"data":"[04:03:23] CELL 3/13  DONE   — Helpers   (0m 0s)\n"}
,{"stream_name":"stdout","time":15.604304908,"data":"========================================================================\n"}
,{"stream_name":"stdout","time":15.617774516,"data":"\n"}
,{"stream_name":"stdout","time":15.617802083,"data":"========================================================================\n"}
,{"stream_name":"stdout","time":15.617808198,"data":"[04:03:23] CELL 4/13  START  — Dependencies\n"}
,{"stream_name":"stdout","time":15.617812603,"data":"========================================================================\n"}
,{"stream_name":"stdout","time":28.488399299,"data":"   ━━━━━━━━━━━━━━━━━━━━━━━━━━━━━━━━━━━━━━━━ 35.8/35.8 MB 58.0 MB/s eta 0:00:00\r\n"}
,{"stream_name":"stdout","time":28.488442425,"data":"   ━━━━━━━━━━━━━━━━━━━━━━━━━━━━━━━━━━━━━━━━ 19.2/19.2 MB 83.7 MB/s eta 0:00:00\r\n"}
,{"stream_name":"stdout","time":60.647693916,"data":"ctranslate2 4.5.0\r\n"}
,{"stream_name":"stdout","time":63.727987137,"data":"\n"}
,{"stream_name":"stdout","time":63.72805757,"data":"========================================================================\n"}
,{"stream_name":"stdout","time":63.728067359,"data":"[04:04:11] CELL 4/13  DONE   — Dependencies   (0m 48s)\n"}
,{"stream_name":"stdout","time":63.728074566,"data":"========================================================================\n"}
,{"stream_name":"stdout","time":63.744199589,"data":"\n"}
,{"stream_name":"stdout","time":63.744233983,"data":"========================================================================\n"}
,{"stream_name":"stdout","time":63.744238427,"data":"[04:04:11] CELL 5/13  START  — GPU / cuDNN check\n"}
,{"stream_name":"stdout","time":63.744241952,"data":"========================================================================\n"}
,{"stream_name":"stdout","time":63.778871929,"data":"17 nvidia wheel lib dirs on the path\n"}
,{"stream_name":"stdout","time":76.567668606,"data":"GPU decode OK\n"}
,{"stream_name":"stdout","time":76.567715517,"data":"\n"}
,{"stream_name":"stdout","time":76.56772257,"data":"\n"}
,{"stream_name":"stdout","time":76.567727299,"data":"========================================================================\n"}
,{"stream_name":"stdout","time":76.567732704,"data":"[04:04:24] CELL 5/13  DONE   — GPU / cuDNN check   (0m 12s)\n"}
,{"stream_name":"stdout","time":76.567738459,"data":"========================================================================\n"}
,{"stream_name":"stdout","time":76.58490274,"data":"\n"}
,{"stream_name":"stdout","time":76.58496098,"data":"========================================================================\n"}
,{"stream_name":"stdout","time":76.584967998,"data":"[04:04:24] CELL 6/13  START  — Config -\u003e GPU\n"}
,{"stream_name":"stdout","time":76.584974208,"data":"========================================================================\n"}
,{"stream_name":"stdout","time":76.60350202,"data":"model:\r\n"}
,{"stream_name":"stdout","time":76.603529744,"data":"  backend: local              # faster-whisper / CTranslate2, run locally (§4.1)\r\n"}
,{"stream_name":"stdout","time":76.60353466,"data":"  size: large-v3              # §4.2 pilot decision\r\n"}
,{"stream_name":"stdout","time":76.603538229,"data":"  compute_type: float16       # GPU precision\r\n"}
,{"stream_name":"stdout","time":76.603588729,"data":"  device: cuda               # Kaggle T4\r\n"}
,{"stream_name":"stdout","time":76.603596425,"data":"  cpu_threads: 0              # 0 = all physical cores\r\n"}
,{"stream_name":"stdout","time":76.603600685,"data":"  num_workers: 1\r\n"}
,{"stream_name":"stdout","time":76.603604314,"data":"\r\n"}
,{"stream_name":"stdout","time":76.603607703,"data":"decode:\r\n"}
,{"stream_name":"stdout","time":76.705853223,"data":"\n"}
,{"stream_name":"stdout","time":76.70589002,"data":"========================================================================\n"}
,{"stream_name":"stdout","time":76.705893694,"data":"[04:04:24] CELL 6/13  DONE   — Config -\u003e GPU   (0m 0s)\n"}
,{"stream_name":"stdout","time":76.705897226,"data":"========================================================================\n"}
,{"stream_name":"stdout","time":76.722953807,"data":"\n"}
,{"stream_name":"stdout","time":76.722976632,"data":"========================================================================\n"}
,{"stream_name":"stdout","time":76.722984442,"data":"[04:04:24] CELL 7/13  START  — Corpus preparation\n"}
,{"stream_name":"stdout","time":76.722987382,"data":"========================================================================\n"}
,{"stream_name":"stdout","time":95.411375715,"data":"$ python src/prepare_slr104.py\n"}
,{"stream_name":"stdout","time":96.592922872,"data":"3136 text entries, 30 recordings, segments=yes\n"}
,{"stream_name":"stdout","time":96.593983398,"data":"  cut 1/30 recordings\n"}
,{"stream_name":"stdout","time":97.212694627,"data":"  cut 2/30 recordings\n"}
,{"stream_name":"stdout","time":98.623490866,"data":"  cut 3/30 recordings\n"}
,{"stream_name":"stdout","time":99.611834011,"data":"  cut 4/30 recordings\n"}
,{"stream_name":"stdout","time":100.475412445,"data":"  cut 5/30 recordings\n"}
,{"stream_name":"stdout","time":101.055124499,"data":"  cut 6/30 recordings\n"}
,{"stream_name":"stdout","time":102.052186,"data":"  cut 7/30 recordings\n"}
,{"stream_name":"stdout","time":102.66619495,"data":"  cut 8/30 recordings\n"}
,{"stream_name":"stdout","time":103.95707923,"data":"  cut 9/30 recordings\n"}
,{"stream_name":"stdout","time":104.886696396,"data":"  cut 10/30 recordings\n"}
,{"stream_name":"stdout","time":105.859520257,"data":"  cut 11/30 recordings\n"}
,{"stream_name":"stdout","time":107.319454783,"data":"  cut 12/30 recordings\n"}
,{"stream_name":"stdout","time":108.210047551,"data":"  cut 13/30 recordings\n"}
,{"stream_name":"stdout","time":108.846993972,"data":"  cut 14/30 recordings\n"}
,{"stream_name":"stdout","time":109.328969576,"data":"  cut 15/30 recordings\n"}
,{"stream_name":"stdout","time":110.748011064,"data":"  cut 16/30 recordings\n"}
,{"stream_name":"stdout","time":111.538944523,"data":"  cut 17/30 recordings\n"}
,{"stream_name":"stdout","time":114.697339403,"data":"  cut 18/30 recordings\n"}
,{"stream_name":"stdout","time":115.526578243,"data":"  cut 19/30 recordings\n"}
,{"stream_name":"stdout","time":117.006571069,"data":"  cut 20/30 recordings\n"}
,{"stream_name":"stdout","time":117.660398131,"data":"  cut 21/30 recordings\n"}
,{"stream_name":"stdout","time":118.792683939,"data":"  cut 22/30 recordings\n"}
,{"stream_name":"stdout","time":119.836911478,"data":"  cut 23/30 recordings\n"}
,{"stream_name":"stdout","time":120.700446099,"data":"  cut 24/30 recordings\n"}
,{"stream_name":"stdout","time":121.626165902,"data":"  cut 25/30 recordings\n"}
,{"stream_name":"stdout","time":122.323220394,"data":"  cut 26/30 recordings\n"}
,{"stream_name":"stdout","time":122.982986567,"data":"  cut 27/30 recordings\n"}
,{"stream_name":"stdout","time":123.777982814,"data":"  cut 28/30 recordings\n"}
,{"stream_name":"stdout","time":126.750369047,"data":"  cut 29/30 recordings\n"}
,{"stream_name":"stdout","time":127.422332025,"data":"  cut 30/30 recordings\n"}
,{"stream_name":"stdout","time":127.477457336,"data":"3136 utterances, 5.18 h -\u003e /kaggle/working/FYP/data/manifests/test.jsonl\n"}
,{"stream_name":"stdout","time":127.478534628,"data":"=== acceptance criteria (§3.4) ===\n"}
,{"stream_name":"stdout","time":127.479529578,"data":"[OK] utterance count 3136 vs published 3136\n"}
,{"stream_name":"stdout","time":127.480453423,"data":"[OK] total duration 5.18 h vs published 5.18 h\n"}
,{"stream_name":"stdout","time":127.481258932,"data":"[OK] zero-duration utterances: 0\n"}
,{"stream_name":"stdout","time":127.482206104,"data":"=== random sample of 10 cut files ===\n"}
,{"stream_name":"stdout","time":127.483331706,"data":"  [OK] 791308_kGQKLyQ1HtnUNL1d_0039  3.00s @16000Hz x1\n"}
,{"stream_name":"stdout","time":127.484640472,"data":"        REF: other preferences टैब पर click करें\n"}
,{"stream_name":"stdout","time":127.485518416,"data":"  [OK] 628028_K8YJLqIcMPJ5GftE_0077  8.00s @16000Hz x1\n"}
,{"stream_name":"stdout","time":127.486412189,"data":"        REF: आप इस एड्रेस बुक को डिफ़ॉल्ट एड्रेस बुक्स की तरह ही इस्तेमाल कर सकते हैं\n"}
,{"stream_name":"stdout","time":127.487485407,"data":"  [OK] 921151_kvxzesc5pGxL6dnk_0047  3.00s @16000Hz x1\n"}
,{"stream_name":"stdout","time":127.488417818,"data":"        REF: मैं font size को 20 बढाउँगी\n"}
,{"stream_name":"stdout","time":127.48962308,"data":"  [OK] 478254_aVTioioyNUVPGF4t_0037  6.00s @16000Hz x1\n"}
,{"stream_name":"stdout","time":127.490337718,"data":"        REF: type करें cd space desktop और enter दबाएं\n"}
,{"stream_name":"stdout","time":127.491364198,"data":"  [OK] 656144_VU6OA7HUqTpQNtm2_0072  3.00s @16000Hz x1\n"}
,{"stream_name":"stdout","time":127.49234831,"data":"        REF: save button पर click करें\n"}
,{"stream_name":"stdout","time":127.493203844,"data":"  [OK] 656144_VU6OA7HUqTpQNtm2_0133  3.00s @16000Hz x1\n"}
,{"stream_name":"stdout","time":127.494108607,"data":"        REF: * अनेक periodic table trends का अन्वेषण करें और\n"}
,{"stream_name":"stdout","time":127.495029222,"data":"  [OK] 957491_4xyIm2P6Xzlin341_0030  6.00s @16000Hz x1\n"}
,{"stream_name":"stdout","time":127.495881318,"data":"        REF: अब thunderbird टाइप करें thunderbird आइकन प्रदर्शित होता है\n"}
,{"stream_name":"stdout","time":127.496658585,"data":"  [OK] 270589_FV8hkymGWcy53lrf_0003  5.00s @16000Hz x1\n"}
,{"stream_name":"stdout","time":127.49746417,"data":"        REF: पहले अपनी प्रस्तुति sample impress open करते हैं\n"}
,{"stream_name":"stdout","time":127.498290354,"data":"  [OK] 453832_n3lwFhZkSdbJkOa0_0016  6.00s @16000Hz x1\n"}
,{"stream_name":"stdout","time":127.499107591,"data":"        REF: आप देख सकते हैं कि हमारे document में हर वो स्थान जहाँ ramesh लिखा है वो चिन्हांकित हो गया है\n"}
,{"stream_name":"stdout","time":127.499884423,"data":"  [OK] 478254_aVTioioyNUVPGF4t_0110  5.00s @16000Hz x1\n"}
,{"stream_name":"stdout","time":127.500652297,"data":"        REF: ध्यान दें कि कोई भी check boxes चयनित नहीं है\n"}
,{"stream_name":"stdout","time":127.501461503,"data":"[PASS] stage-1 gate (§11): counts and duration match published figures\n"}
,{"stream_name":"stdout","time":127.50893092,"data":"  [src/prepare_slr104.py finished in 0m 32s]\n"}
,{"stream_name":"stdout","time":127.509803617,"data":"$ python src/refine_segments.py --radius 2.5 --lam 2.0\n"}
,{"stream_name":"stdout","time":128.786870248,"data":"  refined 1/30 recordings\n"}
,{"stream_name":"stdout","time":129.451280799,"data":"  refined 2/30 recordings\n"}
,{"stream_name":"stdout","time":131.293699558,"data":"  refined 3/30 recordings\n"}
,{"stream_name":"stdout","time":132.39108988,"data":"  refined 4/30 recordings\n"}
,{"stream_name":"stdout","time":133.280580044,"data":"  refined 5/30 recordings\n"}
,{"stream_name":"stdout","time":133.90526438,"data":"  refined 6/30 recordings\n"}
,{"stream_name":"stdout","time":134.954309349,"data":"  refined 7/30 recordings\n"}
,{"stream_name":"stdout","time":135.555612068,"data":"  refined 8/30 recordings\n"}
,{"stream_name":"stdout","time":136.96293008,"data":"  refined 9/30 recordings\n"}
,{"stream_name":"stdout","time":137.913676617,"data":"  refined 10/30 recordings\n"}
,{"stream_name":"stdout","time":138.960602413,"data":"  refined 11/30 recordings\n"}
,{"stream_name":"stdout","time":140.703767634,"data":"  refined 12/30 recordings\n"}
,{"stream_name":"stdout","time":141.828699484,"data":"  refined 13/30 recordings\n"}
,{"stream_name":"stdout","time":142.508658958,"data":"  refined 14/30 recordings\n"}
,{"stream_name":"stdout","time":142.962366823,"data":"  refined 15/30 recordings\n"}
,{"stream_name":"stdout","time":144.113021702,"data":"  refined 16/30 recordings\n"}
,{"stream_name":"stdout","time":144.883056834,"data":"  refined 17/30 recordings\n"}
,{"stream_name":"stdout","time":146.395669363,"data":"  refined 18/30 recordings\n"}
,{"stream_name":"stdout","time":147.216705181,"data":"  refined 19/30 recordings\n"}
,{"stream_name":"stdout","time":148.716410858,"data":"  refined 20/30 recordings\n"}
,{"stream_name":"stdout","time":149.437988215,"data":"  refined 21/30 recordings\n"}
,{"stream_name":"stdout","time":150.546502612,"data":"  refined 22/30 recordings\n"}
,{"stream_name":"stdout","time":151.58133827,"data":"  refined 23/30 recordings\n"}
,{"stream_name":"stdout","time":152.391454508,"data":"  refined 24/30 recordings\n"}
,{"stream_name":"stdout","time":153.481508402,"data":"  refined 25/30 recordings\n"}
,{"stream_name":"stdout","time":154.30557401,"data":"  refined 26/30 recordings\n"}
,{"stream_name":"stdout","time":155.133961209,"data":"  refined 27/30 recordings\n"}
,{"stream_name":"stdout","time":156.183645941,"data":"  refined 28/30 recordings\n"}
,{"stream_name":"stdout","time":156.894863925,"data":"  refined 29/30 recordings\n"}
,{"stream_name":"stdout","time":157.660899823,"data":"  refined 30/30 recordings\n"}
,{"stream_name":"stdout","time":157.713095639,"data":"=== refinement acceptance gate ===\n"}
,{"stream_name":"stdout","time":157.714095166,"data":"[OK] utterances below 60% of nominal duration: 0\n"}
,{"stream_name":"stdout","time":157.715067456,"data":"[OK] utterances implying \u003e8 reference words/second: 0\n"}
,{"stream_name":"stdout","time":157.715812745,"data":"3136 utterances, 5.187 h -\u003e /kaggle/working/FYP/data/manifests/test.jsonl\n"}
,{"stream_name":"stdout","time":157.716543374,"data":"boundary shift: mean -0.20s, |mean| 0.67s, p10 -1.19s, p90 +0.98s, unmoved 10.3%\n"}
,{"stream_name":"stdout","time":157.740032588,"data":"  [src/refine_segments.py finished in 0m 30s]\n"}
,{"stream_name":"stdout","time":157.740955178,"data":"$ python src/make_tiers.py --force\n"}
,{"stream_name":"stdout","time":157.912690575,"data":"tier1    200 utts     18.8 min   30 recordings -\u003e data/manifests/tier1_dev.jsonl\n"}
,{"stream_name":"stdout","time":157.91343745,"data":"tier2    800 utts     79.2 min   30 recordings -\u003e data/manifests/tier2_eval.jsonl\n"}
,{"stream_name":"stdout","time":157.914289391,"data":"tier3   3136 utts    311.2 min   30 recordings -\u003e data/manifests/test.jsonl\n"}
,{"stream_name":"stdout","time":157.915148911,"data":"All development and ablation experiments use a fixed random subset of 800 utterances (seed 1337); hyperparameters were selected on a disjoint development slice of 200 utterances; final systems are additionally evaluated on the complete Hindi-English test set.\n"}
,{"stream_name":"stdout","time":157.927478073,"data":"  [src/make_tiers.py finished in 0m 0s]\n"}
,{"stream_name":"stdout","time":157.9282098,"data":"$ python src/build_syllabus.py\n"}
,{"stream_name":"stdout","time":181.417246262,"data":"Warning: You are sending unauthenticated requests to the HF Hub. Please set a HF_TOKEN to enable higher rate limits and faster downloads.\n"}
,{"stream_name":"stdout","time":185.536539936,"data":"    ... 0m elapsed | Loading weights:   0%|          | 0/199 [00:00\u003c?, ?it/s]\n"}
,{"stream_name":"stdout","time":185.678968824,"data":"BertModel LOAD REPORT from: sentence-transformers/paraphrase-multilingual-MiniLM-L12-v2\n"}
,{"stream_name":"stdout","time":185.680091986,"data":"Key                     | Status     |  |\n"}
,{"stream_name":"stdout","time":185.68099701,"data":"------------------------+------------+--+-\n"}
,{"stream_name":"stdout","time":185.681888175,"data":"embeddings.position_ids | UNEXPECTED |  |\n"}
,{"stream_name":"stdout","time":185.682579074,"data":"Notes:\n"}
,{"stream_name":"stdout","time":185.683315431,"data":"- UNEXPECTED\t:can be ignored when loading from different task/architecture; not ok if you expect identical arch.\n"}
,{"stream_name":"stdout","time":191.625841314,"data":"lexicon already frozen: lexicon_manifest.json (981 terms). Chunk index rebuilt; lexicon left untouched. Use --refreeze to change.\n"}
,{"stream_name":"stdout","time":191.626737221,"data":"34 chunks from 12 topics; embeddings (34, 384) -\u003e syllabus/index\n"}
,{"stream_name":"stdout","time":193.614589746,"data":"  [src/build_syllabus.py finished in 0m 35s]\n"}
,{"stream_name":"stdout","time":193.615518316,"data":"\n"}
,{"stream_name":"stdout","time":193.615542168,"data":"========================================================================\n"}
,{"stream_name":"stdout","time":193.615562043,"data":"[04:06:21] CELL 7/13  DONE   — Corpus preparation   (1m 56s)\n"}
,{"stream_name":"stdout","time":193.615568526,"data":"========================================================================\n"}
,{"stream_name":"stdout","time":193.63917152,"data":"\n"}
,{"stream_name":"stdout","time":193.639193907,"data":"========================================================================\n"}
,{"stream_name":"stdout","time":193.639199812,"data":"[04:06:21] CELL 8/13  START  — Self-tests\n"}
,{"stream_name":"stdout","time":193.639205433,"data":"========================================================================\n"}
,{"stream_name":"stdout","time":193.640141977,"data":"$ python src/selftest.py\n"}
,{"stream_name":"stdout","time":194.041850164,"data":"--- test_normalise\n"}
,{"stream_name":"stdout","time":194.044521941,"data":"[ok] level1 strips punctuation and folds case: got 'font style और size'\n"}
,{"stream_name":"stdout","time":194.047436612,"data":"[ok] level1 unifies Devanagari digits: got 'वर्जन 3 3 4'\n"}
,{"stream_name":"stdout","time":194.048329997,"data":"[ok] level1 unifies spelled-out numerals: got '2 files'\n"}
,{"stream_name":"stdout","time":194.049306208,"data":"[ok] level2 makes script irrelevant (font): got True\n"}
,{"stream_name":"stdout","time":194.051436344,"data":"[ok] level2 makes script irrelevant (slide): got True\n"}
,{"stream_name":"stdout","time":194.055648309,"data":"[ok] level2 keeps different words distinct: got False\n"}
,{"stream_name":"stdout","time":194.056558736,"data":"[ok] skeleton drops vowels: got 'sld'\n"}
,{"stream_name":"stdout","time":194.057494878,"data":"--- test_decode_config\n"}
,{"stream_name":"stdout","time":194.05849218,"data":"[ok] different grounding payloads give different cache keys: got 3\n"}
,{"stream_name":"stdout","time":194.062395806,"data":"[ok] identical configs share a cache key: got '764b52678d76'\n"}
,{"stream_name":"stdout","time":194.063352864,"data":"[ok] audio version enters the cache key: got True\n"}
,{"stream_name":"stdout","time":194.064365746,"data":"[ok] §7.2 guard rejects hotwords+prefix: got True\n"}
,{"stream_name":"stdout","time":194.066404485,"data":"--- test_guards\n"}
,{"stream_name":"stdout","time":194.067355201,"data":"[ok] echo score is 1.0 when the output is the context: got 1.0\n"}
,{"stream_name":"stdout","time":194.068492189,"data":"[ok] echo score is 0.0 for unrelated output: got 0.0\n"}
,{"stream_name":"stdout","time":194.069703081,"data":"[ok] echo guard fires and falls back to the unbiased hypothesis: got (True, 'save button पर click करें')\n"}
,{"stream_name":"stdout","time":194.070941946,"data":"[ok] token change ratio: got 0.25\n"}
,{"stream_name":"stdout","time":194.072036121,"data":"[ok] rewrite guard discards an over-aggressive correction: got (True, 'font size बदलें')\n"}
,{"stream_name":"stdout","time":194.073104184,"data":"[ok] rewrite guard accepts a small correction: got (False, 'font size बदलें')\n"}
,{"stream_name":"stdout","time":194.074196449,"data":"--- test_correct_lexical\n"}
,{"stream_name":"stdout","time":194.075440931,"data":"[ok] split compound term is merged back: got True\n"}
,{"stream_name":"stdout","time":194.07653334,"data":"[ok] merge recorded as an edit: got True\n"}
,{"stream_name":"stdout","time":194.077681088,"data":"[ok] near-miss single token is repaired: got True\n"}
,{"stream_name":"stdout","time":194.078837132,"data":"[ok] short function words are left alone: got ('इस को बदलें', [])\n"}
,{"stream_name":"stdout","time":194.08067109,"data":"[ok] a token already in the lexicon is untouched: got 'font को बदलें'\n"}
,{"stream_name":"stdout","time":194.081249147,"data":"[ok] span restriction confines edits to flagged tokens: got ('printf', 'printff')\n"}
,{"stream_name":"stdout","time":194.082322708,"data":"--- test_gating\n"}
,{"stream_name":"stdout","time":194.083404114,"data":"[ok] 0th percentile grounds nothing (equals B0): got ['base a', 'base b', 'base c', 'base d']\n"}
,{"stream_name":"stdout","time":194.084438947,"data":"[ok] 100th percentile grounds everything (equals the global mechanism): got ['grounded a', 'grounded b', 'grounded c', 'grounded d']\n"}
,{"stream_name":"stdout","time":194.085504991,"data":"[ok] 50th percentile grounds the least-confident half: got ['grounded a', 'grounded b', 'base c', 'base d']\n"}
,{"stream_name":"stdout","time":194.086578623,"data":"[ok] re-decode fraction is reported: got 0.5\n"}
,{"stream_name":"stdout","time":194.087583104,"data":"[ok] an absolute threshold below the distribution flags nothing: got ['base a', 'base b', 'base c', 'base d']\n"}
,{"stream_name":"stdout","time":194.088718369,"data":"[ok] the same data still gates by rank: got 'grounded a'\n"}
,{"stream_name":"stdout","time":194.089958849,"data":"[ok] utterances without a confidence signal are always gated: got {'d'}\n"}
,{"stream_name":"stdout","time":194.091158989,"data":"--- test_bootstrap\n"}
,{"stream_name":"stdout","time":194.09221227,"data":"[ok] a uniformly better system gets a significant p-value: got True\n"}
,{"stream_name":"stdout","time":194.093585782,"data":"[ok] identical systems are not significant: got True\n"}
,{"stream_name":"stdout","time":194.094814842,"data":"--- test_retrieval_assembly\n"}
,{"stream_name":"stdout","time":194.09601921,"data":"[ok] prose context stays within the word budget: got True\n"}
,{"stream_name":"stdout","time":194.097144881,"data":"[ok] glossary context stays within the word budget: got True\n"}
,{"stream_name":"stdout","time":194.097977836,"data":"[ok] prose context is not a comma-separated term dump (§7.1): got True\n"}
,{"stream_name":"stdout","time":194.098785212,"data":"[ok] glossary context is a term list: got True\n"}
,{"stream_name":"stdout","time":194.09963128,"data":"[ok] prose context names the topic: got True\n"}
,{"stream_name":"stdout","time":194.100638017,"data":"[ok] hint terms are limited to the requested count: got True\n"}
,{"stream_name":"stdout","time":194.101509133,"data":"[ok] oracle topic map is loaded: got True\n"}
,{"stream_name":"stdout","time":194.102334617,"data":"--- test_lexicon\n"}
,{"stream_name":"stdout","time":194.103110784,"data":"[ok] lexicon size: got 4\n"}
,{"stream_name":"stdout","time":194.103892724,"data":"[ok] Latin term is a bias word: got True\n"}
,{"stream_name":"stdout","time":194.104744205,"data":"[ok] Devanagari spelling of a term is a bias word: got True\n"}
,{"stream_name":"stdout","time":194.105512587,"data":"[ok] non-term is not a bias word: got False\n"}
,{"stream_name":"stdout","time":194.106309693,"data":"[ok] stamp records size and hash: got True\n"}
,{"stream_name":"stdout","time":194.107153442,"data":"--- test_score_decomposition\n"}
,{"stream_name":"stdout","time":194.108014692,"data":"[ok] ref length: got 4\n"}
,{"stream_name":"stdout","time":194.108868095,"data":"[ok] bias reference words: got 1\n"}
,{"stream_name":"stdout","time":194.10966473,"data":"[ok] non-bias reference words: got 3\n"}
,{"stream_name":"stdout","time":194.110489252,"data":"[ok] substitution attributed to B: got 1\n"}
,{"stream_name":"stdout","time":194.111272297,"data":"[ok] no U errors: got 0\n"}
,{"stream_name":"stdout","time":194.11206403,"data":"[ok] B error rate is 1.0: got 1.0\n"}
,{"stream_name":"stdout","time":194.112841678,"data":"[ok] hallucinated term counted as a B insertion: got 1\n"}
,{"stream_name":"stdout","time":194.113579771,"data":"[ok] hallucination leaves U errors untouched: got 0\n"}
,{"stream_name":"stdout","time":194.114333069,"data":"[ok] hallucination inflates B numerator with a zero B denominator: got (0, 1)\n"}
,{"stream_name":"stdout","time":194.115184638,"data":"[ok] deletion attributed to U: got (1, 0)\n"}
,{"stream_name":"stdout","time":194.116019123,"data":"[ok] aggregate scored count: got 2\n"}
,{"stream_name":"stdout","time":194.116804404,"data":"[ok] aggregate WER = 1 error / 7 ref words: got 0.14285714285714285\n"}
,{"stream_name":"stdout","time":194.117517731,"data":"[ok] aggregate bias reference words: got 2\n"}
,{"stream_name":"stdout","time":194.11827595,"data":"[ok] aggregate B-WER = 1 error / 2 bias words: got 0.5\n"}
,{"stream_name":"stdout","time":194.119079316,"data":"[ok] aggregate U-WER = 0: got 0.0\n"}
,{"stream_name":"stdout","time":194.119938231,"data":"[ok] guard firing counted: got 1\n"}
,{"stream_name":"stdout","time":194.120814879,"data":"[ok] per-utterance records written for the bootstrap: got 2\n"}
,{"stream_name":"stdout","time":194.121530136,"data":"[ok] per-utterance keeps B/U denominators: got True\n"}
,{"stream_name":"stdout","time":194.122228503,"data":"============================================================\n"}
,{"stream_name":"stdout","time":194.122986449,"data":"all self-tests passed\n"}
,{"stream_name":"stdout","time":194.123722947,"data":"  [src/selftest.py finished in 0m 0s]\n"}
,{"stream_name":"stdout","time":194.124423516,"data":"$ python src/selftest_pipeline.py\n"}
,{"stream_name":"stdout","time":194.468648903,"data":"=== B0 on _selftest (5 utts) ===\n"}
,{"stream_name":"stdout","time":194.478819086,"data":"    ... 0m elapsed | B0:   0%|          | 0/5 [00:00\u003c?, ?utt/s]\n"}
,{"stream_name":"stdout","time":194.482451094,"data":"  5 utts, 5 newly decoded in 0.0 min (RTF=0.00)\n"}
,{"stream_name":"stdout","time":194.488224376,"data":"  WER=0.3667  B-WER=0.8462  U-WER=0.0000  CER=0.0813  WER-L2=0.2333  termF1=0.3478  n=5\n"}
,{"stream_name":"stdout","time":194.492467139,"data":"[ok] B0 scores and writes metrics — WER=0.367 B-WER=0.846\n"}
,{"stream_name":"stdout","time":194.4933853,"data":"[ok] B0 finds bias words in the references — 13 bias reference words\n"}
,{"stream_name":"stdout","time":194.496454696,"data":"[ok] baseline has terminology errors to repair\n"}
,{"stream_name":"stdout","time":194.497312463,"data":"=== C1 on _selftest (5 utts) ===\n"}
,{"stream_name":"stdout","time":194.498113135,"data":"  5 utts, 5 newly decoded in 0.0 min (RTF=0.00)\n"}
,{"stream_name":"stdout","time":194.502807104,"data":"  WER=0.3667  B-WER=0.8462  U-WER=0.0000  CER=0.0813  WER-L2=0.2333  termF1=0.3478  n=5\n"}
,{"stream_name":"stdout","time":194.503929736,"data":"  context-echo guard fired on 1 utts (20.0%)\n"}
,{"stream_name":"stdout","time":194.504825814,"data":"[ok] C1 runs and scores — WER=0.367 B-WER=0.846 U-WER=0.000\n"}
,{"stream_name":"stdout","time":194.505710856,"data":"=== C2 on _selftest (5 utts) ===\n"}
,{"stream_name":"stdout","time":194.507673062,"data":"  5 utts, 5 newly decoded in 0.0 min (RTF=0.00)\n"}
,{"stream_name":"stdout","time":194.51794634,"data":"  WER=0.3667  B-WER=0.8462  U-WER=0.0000  CER=0.0813  WER-L2=0.2333  termF1=0.3478  n=5\n"}
,{"stream_name":"stdout","time":194.519159103,"data":"  context-echo guard fired on 1 utts (20.0%)\n"}
,{"stream_name":"stdout","time":194.520276205,"data":"[ok] C2 runs and scores — WER=0.367 B-WER=0.846 U-WER=0.000\n"}
,{"stream_name":"stdout","time":194.521258635,"data":"=== C3 on _selftest (5 utts) ===\n"}
,{"stream_name":"stdout","time":194.52326728,"data":"  5 utts, 5 newly decoded in 0.0 min (RTF=0.00)\n"}
,{"stream_name":"stdout","time":194.533436533,"data":"  WER=0.1667  B-WER=0.3846  U-WER=0.0000  CER=0.0312  WER-L2=0.1333  termF1=0.7692  n=5\n"}
,{"stream_name":"stdout","time":194.53427099,"data":"  context-echo guard fired on 1 utts (20.0%)\n"}
,{"stream_name":"stdout","time":194.535316519,"data":"[ok] C3 runs and scores — WER=0.167 B-WER=0.385 U-WER=0.000\n"}
,{"stream_name":"stdout","time":194.536186115,"data":"=== M1 on _selftest (5 utts) ===\n"}
,{"stream_name":"stdout","time":206.20363959,"data":"Warning: You are sending unauthenticated requests to the HF Hub. Please set a HF_TOKEN to enable higher rate limits and faster downloads.\n"}
,{"stream_name":"stdout","time":207.296352843,"data":"BertModel LOAD REPORT from: sentence-transformers/paraphrase-multilingual-MiniLM-L12-v2\n"}
,{"stream_name":"stdout","time":207.298120958,"data":"Key                     | Status     |  |\n"}
,{"stream_name":"stdout","time":207.301625859,"data":"------------------------+------------+--+-\n"}
,{"stream_name":"stdout","time":207.301669794,"data":"embeddings.position_ids | UNEXPECTED |  |\n"}
,{"stream_name":"stdout","time":207.301676875,"data":"Notes:\n"}
,{"stream_name":"stdout","time":207.302371569,"data":"- UNEXPECTED\t:can be ignored when loading from different task/architecture; not ok if you expect identical arch.\n"}
,{"stream_name":"stdout","time":211.288960273,"data":"  5 utts, 5 newly decoded in 0.0 min (RTF=0.00)\n"}
,{"stream_name":"stdout","time":211.300027878,"data":"  WER=0.0333  B-WER=0.0769  U-WER=0.0000  CER=0.0125  WER-L2=0.0000  termF1=0.9231  n=5\n"}
,{"stream_name":"stdout","time":211.3011823,"data":"  context-echo guard fired on 1 utts (20.0%)\n"}
,{"stream_name":"stdout","time":211.302323867,"data":"[ok] M1 runs and scores — WER=0.033 B-WER=0.077 U-WER=0.000\n"}
,{"stream_name":"stdout","time":211.303260891,"data":"=== M2 on _selftest (5 utts) ===\n"}
,{"stream_name":"stdout","time":212.458663111,"data":"BertModel LOAD REPORT from: sentence-transformers/paraphrase-multilingual-MiniLM-L12-v2\n"}
,{"stream_name":"stdout","time":212.459144578,"data":"Key                     | Status     |  |\n"}
,{"stream_name":"stdout","time":212.460085531,"data":"------------------------+------------+--+-\n"}
,{"stream_name":"stdout","time":212.460856448,"data":"embeddings.position_ids | UNEXPECTED |  |\n"}
,{"stream_name":"stdout","time":212.461684396,"data":"Notes:\n"}
,{"stream_name":"stdout","time":212.46247971,"data":"- UNEXPECTED\t:can be ignored when loading from different task/architecture; not ok if you expect identical arch.\n"}
,{"stream_name":"stdout","time":216.079405365,"data":"  5 utts, 5 newly decoded in 0.0 min (RTF=0.00)\n"}
,{"stream_name":"stdout","time":216.087490588,"data":"  WER=0.2000  B-WER=0.4615  U-WER=0.0000  CER=0.0375  WER-L2=0.1667  termF1=0.7200  n=5\n"}
,{"stream_name":"stdout","time":216.088507974,"data":"  context-echo guard fired on 1 utts (20.0%)\n"}
,{"stream_name":"stdout","time":216.089508355,"data":"[ok] M2 runs and scores — WER=0.200 B-WER=0.462 U-WER=0.000\n"}
,{"stream_name":"stdout","time":216.090373975,"data":"[ok] M1 improves B-WER over B0 when the context names the terms — 0.846 -\u003e 0.077\n"}
,{"stream_name":"stdout","time":216.091164484,"data":"[ok] M2 improves B-WER over B0 via hint terms — 0.846 -\u003e 0.462\n"}
,{"stream_name":"stdout","time":216.092237168,"data":"[ok] context-echo guard fired and was counted — 1 firing(s)\n"}
,{"stream_name":"stdout","time":216.092999314,"data":"[ok] retrieval plan was dumped\n"}
,{"stream_name":"stdout","time":216.093816361,"data":"=== M1_glossary on _selftest (5 utts) ===\n"}
,{"stream_name":"stdout","time":217.2764667,"data":"BertModel LOAD REPORT from: sentence-transformers/paraphrase-multilingual-MiniLM-L12-v2\n"}
,{"stream_name":"stdout","time":217.277529054,"data":"Key                     | Status     |  |\n"}
,{"stream_name":"stdout","time":217.278391964,"data":"------------------------+------------+--+-\n"}
,{"stream_name":"stdout","time":217.279092075,"data":"embeddings.position_ids | UNEXPECTED |  |\n"}
,{"stream_name":"stdout","time":217.27984306,"data":"Notes:\n"}
,{"stream_name":"stdout","time":217.280594323,"data":"- UNEXPECTED\t:can be ignored when loading from different task/architecture; not ok if you expect identical arch.\n"}
,{"stream_name":"stdout","time":220.927565624,"data":"  5 utts, 5 newly decoded in 0.0 min (RTF=0.00)\n"}
,{"stream_name":"stdout","time":220.938341406,"data":"  WER=0.0667  B-WER=0.1538  U-WER=0.0000  CER=0.0187  WER-L2=0.0333  termF1=0.8800  n=5\n"}
,{"stream_name":"stdout","time":220.939125421,"data":"  context-echo guard fired on 1 utts (20.0%)\n"}
,{"stream_name":"stdout","time":220.939961929,"data":"=== M1_utterance on _selftest (5 utts) ===\n"}
,{"stream_name":"stdout","time":222.111459979,"data":"BertModel LOAD REPORT from: sentence-transformers/paraphrase-multilingual-MiniLM-L12-v2\n"}
,{"stream_name":"stdout","time":222.112845796,"data":"Key                     | Status     |  |\n"}
,{"stream_name":"stdout","time":222.114032404,"data":"------------------------+------------+--+-\n"}
,{"stream_name":"stdout","time":222.115033244,"data":"embeddings.position_ids | UNEXPECTED |  |\n"}
,{"stream_name":"stdout","time":222.116150452,"data":"Notes:\n"}
,{"stream_name":"stdout","time":222.117419231,"data":"- UNEXPECTED\t:can be ignored when loading from different task/architecture; not ok if you expect identical arch.\n"}
,{"stream_name":"stdout","time":226.144191388,"data":"    ... 0m elapsed | M1_utterance:   0%|          | 0/5 [00:00\u003c?, ?utt/s]\n"}
,{"stream_name":"stdout","time":226.145434828,"data":"  5 utts, 4 newly decoded in 0.0 min (RTF=0.00)\n"}
,{"stream_name":"stdout","time":226.146244973,"data":"  WER=0.0333  B-WER=0.0769  U-WER=0.0000  CER=0.0063  WER-L2=0.0333  termF1=0.9600  n=5\n"}
,{"stream_name":"stdout","time":226.146980064,"data":"  context-echo guard fired on 1 utts (20.0%)\n"}
,{"stream_name":"stdout","time":226.147717281,"data":"[ok] glossary ablation produced a run\n"}
,{"stream_name":"stdout","time":226.148460188,"data":"[ok] per-utterance retrieval ablation produced a run\n"}
,{"stream_name":"stdout","time":226.149321283,"data":"=== M3a on _selftest (5 utts) ===\n"}
,{"stream_name":"stdout","time":227.299442633,"data":"BertModel LOAD REPORT from: sentence-transformers/paraphrase-multilingual-MiniLM-L12-v2\n"}
,{"stream_name":"stdout","time":227.300890584,"data":"Key                     | Status     |  |\n"}
,{"stream_name":"stdout","time":227.30161372,"data":"------------------------+------------+--+-\n"}
,{"stream_name":"stdout","time":227.302290212,"data":"embeddings.position_ids | UNEXPECTED |  |\n"}
,{"stream_name":"stdout","time":227.303146796,"data":"Notes:\n"}
,{"stream_name":"stdout","time":227.303975653,"data":"- UNEXPECTED\t:can be ignored when loading from different task/architecture; not ok if you expect identical arch.\n"}
,{"stream_name":"stdout","time":231.293844391,"data":"  WER=0.2333  B-WER=0.5385  U-WER=0.0000  CER=0.0375  WER-L2=0.2333  termF1=0.6957  n=5\n"}
,{"stream_name":"stdout","time":231.294916545,"data":"[ok] M3a runs on cached text and repairs terms — 0.846 -\u003e 0.538\n"}
,{"stream_name":"stdout","time":231.295782684,"data":"[ok] M3a made no decoder calls (free condition, §9.2) — calls=39\n"}
,{"stream_name":"stdout","time":231.296495161,"data":"=== M2+M3a on _selftest (5 utts) ===\n"}
,{"stream_name":"stdout","time":232.461374521,"data":"BertModel LOAD REPORT from: sentence-transformers/paraphrase-multilingual-MiniLM-L12-v2\n"}
,{"stream_name":"stdout","time":232.462292379,"data":"Key                     | Status     |  |\n"}
,{"stream_name":"stdout","time":232.463209911,"data":"------------------------+------------+--+-\n"}
,{"stream_name":"stdout","time":232.464134145,"data":"embeddings.position_ids | UNEXPECTED |  |\n"}
,{"stream_name":"stdout","time":232.464892924,"data":"Notes:\n"}
,{"stream_name":"stdout","time":232.465733441,"data":"- UNEXPECTED\t:can be ignored when loading from different task/architecture; not ok if you expect identical arch.\n"}
,{"stream_name":"stdout","time":236.305633021,"data":"  WER=0.1667  B-WER=0.3846  U-WER=0.0000  CER=0.0250  WER-L2=0.1667  termF1=0.8000  n=5\n"}
,{"stream_name":"stdout","time":236.306140958,"data":"  context-echo guard fired on 1 utts (20.0%)\n"}
,{"stream_name":"stdout","time":236.306897835,"data":"[ok] M2+M3a runs — WER=0.167 B-WER=0.385\n"}
,{"stream_name":"stdout","time":236.307687145,"data":"=== M1+M3a on _selftest (5 utts) ===\n"}
,{"stream_name":"stdout","time":239.159976328,"data":"BertModel LOAD REPORT from: sentence-transformers/paraphrase-multilingual-MiniLM-L12-v2\n"}
,{"stream_name":"stdout","time":239.160888058,"data":"Key                     | Status     |  |\n"}
,{"stream_name":"stdout","time":239.162357368,"data":"------------------------+------------+--+-\n"}
,{"stream_name":"stdout","time":239.163175432,"data":"embeddings.position_ids | UNEXPECTED |  |\n"}
,{"stream_name":"stdout","time":239.163996991,"data":"Notes:\n"}
,{"stream_name":"stdout","time":239.16481218,"data":"- UNEXPECTED\t:can be ignored when loading from different task/architecture; not ok if you expect identical arch.\n"}
,{"stream_name":"stdout","time":242.627543103,"data":"  WER=0.0000  B-WER=0.0000  U-WER=0.0000  CER=0.0000  WER-L2=0.0000  termF1=1.0000  n=5\n"}
,{"stream_name":"stdout","time":242.628461599,"data":"  context-echo guard fired on 1 utts (20.0%)\n"}
,{"stream_name":"stdout","time":242.629295896,"data":"=== G on _selftest (5 utts) ===\n"}
,{"stream_name":"stdout","time":242.636619129,"data":"  WER=0.2000  B-WER=0.4615  U-WER=0.0000  CER=0.0375  WER-L2=0.1667  termF1=0.7200  n=5\n"}
,{"stream_name":"stdout","time":242.63782446,"data":"[ok] G runs and reports how much was grounded — grounded_rate=0.4\n"}
,{"stream_name":"stdout","time":242.638806025,"data":"=== G_partial on _selftest (5 utts) ===\n"}
,{"stream_name":"stdout","time":242.652517304,"data":"  WER=0.2000  B-WER=0.4615  U-WER=0.0000  CER=0.0375  WER-L2=0.1667  termF1=0.7200  n=5\n"}
,{"stream_name":"stdout","time":242.653344625,"data":"[ok] G grounds some but not all utterances at an intermediate threshold — grounded_rate=0.4\n"}
,{"stream_name":"stdout","time":242.654138816,"data":"  percentile=0     grounded=  0.0%  WER=0.3667  B-WER=0.8462  U-WER=0.0000  CER=0.0813  WER-L2=0.2333  termF1=0.3478  n=5\n"}
,{"stream_name":"stdout","time":242.659327938,"data":"  percentile=20    grounded= 20.0%  WER=0.2667  B-WER=0.6154  U-WER=0.0000  CER=0.0563  WER-L2=0.2000  termF1=0.5833  n=5\n"}
,{"stream_name":"stdout","time":242.665135406,"data":"  percentile=60    grounded= 60.0%  WER=0.2000  B-WER=0.4615  U-WER=0.0000  CER=0.0375  WER-L2=0.1667  termF1=0.7200  n=5\n"}
,{"stream_name":"stdout","time":242.671450568,"data":"  percentile=100   grounded=100.0%  WER=0.2000  B-WER=0.4615  U-WER=0.0000  CER=0.0375  WER-L2=0.1667  termF1=0.7200  n=5\n"}
,{"stream_name":"stdout","time":243.736121112,"data":"Gating 60% of utterances retains 100% of the B-WER gain of grounding all of them\n"}
,{"stream_name":"stdout","time":243.737293531,"data":"[ok] gate at 0% reproduces the baseline exactly\n"}
,{"stream_name":"stdout","time":243.738303987,"data":"[ok] gate at 100% reproduces the global mechanism exactly\n"}
,{"stream_name":"stdout","time":243.739627164,"data":"[ok] sweep traces a monotone re-decode fraction\n"}
,{"stream_name":"stdout","time":243.740336656,"data":"[ok] percentile gate actually engages in between — 0.60\n"}
,{"stream_name":"stdout","time":243.741479208,"data":"[ok] frontier reports the retained share of the gain\n"}
,{"stream_name":"stdout","time":243.742468006,"data":"[ok] bootstrap compares B-WER and U-WER separately\n"}
,{"stream_name":"stdout","time":243.743587076,"data":"[ok] bootstrap counts improved/regressed utterances\n"}
,{"stream_name":"stdout","time":243.74492206,"data":"=== headroom estimate (§8.4) ===\n"}
,{"stream_name":"stdout","time":243.746157138,"data":"11 of 11 word errors (100.0%) touch a syllabus lexicon term. Terminology biasing can therefore reduce overall WER by at most that share, and only to the extent it repairs those errors without introducing new ones.\n"}
,{"stream_name":"stdout","time":243.747403467,"data":"=== substitution categories (9 substitutions) ===\n"}
,{"stream_name":"stdout","time":243.748522192,"data":"       5   55.6%  terminology\n"}
,{"stream_name":"stdout","time":243.749704526,"data":"       4   44.4%  orthographic\n"}
,{"stream_name":"stdout","time":243.750876687,"data":"=== WER by utterance duration ===\n"}
,{"stream_name":"stdout","time":243.752073318,"data":"   2-4s: WER=0.3000  (10 ref words)\n"}
,{"stream_name":"stdout","time":243.753235508,"data":"   4-7s: WER=0.4000  (20 ref words)\n"}
,{"stream_name":"stdout","time":243.75435265,"data":"=== top 20 substitution pairs (ref -\u003e hyp) ===\n"}
,{"stream_name":"stdout","time":243.755426389,"data":"     3                   slide  -\u003e  slaid                  [orthographic]\n"}
,{"stream_name":"stdout","time":243.756240823,"data":"     2                    font  -\u003e  fond                   [terminology]\n"}
,{"stream_name":"stdout","time":243.757114307,"data":"     2                  insert  -\u003e  insart                 [terminology]\n"}
,{"stream_name":"stdout","time":243.758121785,"data":"     1                 impress  -\u003e  impres                 [orthographic]\n"}
,{"stream_name":"stdout","time":243.759079852,"data":"     1              matplotlib  -\u003e  lib                    [terminology]\n"}
,{"stream_name":"stdout","time":243.760035112,"data":"-\u003e runs/_selftest/B0/error_analysis.json\n"}
,{"stream_name":"stdout","time":243.761046906,"data":"[ok] headroom estimate is produced\n"}
,{"stream_name":"stdout","time":243.87204094,"data":"BertModel LOAD REPORT from: sentence-transformers/paraphrase-multilingual-MiniLM-L12-v2\n"}
,{"stream_name":"stdout","time":243.873059769,"data":"Key                     | Status     |  |\n"}
,{"stream_name":"stdout","time":243.873853971,"data":"------------------------+------------+--+-\n"}
,{"stream_name":"stdout","time":243.874810236,"data":"embeddings.position_ids | UNEXPECTED |  |\n"}
,{"stream_name":"stdout","time":243.875607757,"data":"Notes:\n"}
,{"stream_name":"stdout","time":243.87628416,"data":"- UNEXPECTED\t:can be ignored when loading from different task/architecture; not ok if you expect identical arch.\n"}
,{"stream_name":"stdout","time":247.25111108,"data":"lecture_k1       top-1 acc=0.6000  gold in top-1=0.6000  (5 utts)\n"}
,{"stream_name":"stdout","time":247.271181123,"data":"lecture_k3       top-1 acc=0.6000  gold in top-3=0.6000  (5 utts)\n"}
,{"stream_name":"stdout","time":247.319944174,"data":"utterance_k1     top-1 acc=0.4000  gold in top-1=0.4000  (5 utts)\n"}
,{"stream_name":"stdout","time":247.37124495,"data":"utterance_k3     top-1 acc=0.4000  gold in top-3=0.4000  (5 utts)\n"}
,{"stream_name":"stdout","time":248.500792188,"data":"primary (lecture_k3) top-1 retrieval accuracy: 0.6000  -\u003e runs/_selftest/retrieval_accuracy.json\n"}
,{"stream_name":"stdout","time":248.501792731,"data":"[ok] retrieval accuracy is measured for both granularities\n"}
,{"stream_name":"stdout","time":248.502693546,"data":"[ok] report table contains every run\n"}
,{"stream_name":"stdout","time":248.503634492,"data":"[ok] report renders B-WER and U-WER columns\n"}
,{"stream_name":"stdout","time":248.504618499,"data":"-\u003e report/figures/matrix__selftest.png\n"}
,{"stream_name":"stdout","time":248.505680445,"data":"[ok] matrix figure renders\n"}
,{"stream_name":"stdout","time":248.506595996,"data":"-\u003e report/figures/frontier__selftest_M2.png\n"}
,{"stream_name":"stdout","time":248.507581521,"data":"[ok] frontier figure renders\n"}
,{"stream_name":"stdout","time":248.508528817,"data":"-\u003e report/figures/wer_by_duration__selftest_B0.png\n"}
,{"stream_name":"stdout","time":248.509215718,"data":"[ok] wer-by-duration figure renders\n"}
,{"stream_name":"stdout","time":248.51001115,"data":"-\u003e report/figures/pipeline.png\n"}
,{"stream_name":"stdout","time":248.510765494,"data":"[ok] pipeline figure renders\n"}
,{"stream_name":"stdout","time":248.511504515,"data":"============================================================\n"}
,{"stream_name":"stdout","time":248.512258529,"data":"pipeline self-test passed (39 stub decodes)\n"}
,{"stream_name":"stdout","time":250.772819603,"data":"  [src/selftest_pipeline.py finished in 0m 56s]\n"}
,{"stream_name":"stdout","time":250.773748537,"data":"\n"}
,{"stream_name":"stdout","time":250.773779965,"data":"========================================================================\n"}
,{"stream_name":"stdout","time":250.773790362,"data":"[04:07:18] CELL 8/13  DONE   — Self-tests   (0m 57s)\n"}
,{"stream_name":"stdout","time":250.773795208,"data":"========================================================================\n"}
,{"stream_name":"stdout","time":250.812764405,"data":"\n"}
,{"stream_name":"stdout","time":250.812798796,"data":"========================================================================\n"}
,{"stream_name":"stdout","time":250.812804255,"data":"[04:07:18] CELL 9/13  START  — Pilots (language, model)\n"}
,{"stream_name":"stdout","time":250.812808819,"data":"========================================================================\n"}
,{"stream_name":"stdout","time":250.813582878,"data":"$ python src/pilots.py language --tier tier1\n"}
,{"stream_name":"stdout","time":256.593169016,"data":"Warning: You are sending unauthenticated requests to the HF Hub. Please set a HF_TOKEN to enable higher rate limits and faster downloads.\n"}
,{"stream_name":"stdout","time":269.023378223,"data":"pilot on tier1: 200 utts, 18.8 min audio\n"}
,{"stream_name":"stdout","time":270.249066549,"data":"    ... 0m elapsed | lang=hi:   0%|          | 0/200 [00:00\u003c?, ?utt/s]\n"}
,{"stream_name":"stdout","time":300.461534706,"data":"    ... 0m elapsed | lang=hi:  10%|█         | 21/200 [00:30\u003c05:12,  1.75s/utt]\n"}
,{"stream_name":"stdout","time":330.761877111,"data":"    ... 1m elapsed | lang=hi:  22%|██▏       | 43/200 [01:00\u003c04:02,  1.55s/utt]\n"}
,{"stream_name":"stdout","time":360.748735972,"data":"    ... 1m elapsed | lang=hi:  33%|███▎      | 66/200 [01:30\u003c03:26,  1.54s/utt]\n"}
,{"stream_name":"stdout","time":391.735384377,"data":"    ... 2m elapsed | lang=hi:  44%|████▍     | 88/200 [02:00\u003c03:09,  1.69s/utt]\n"}
,{"stream_name":"stdout","time":422.282913886,"data":"    ... 2m elapsed | lang=hi:  56%|█████▌    | 111/200 [02:31\u003c01:49,  1.23s/utt]\n"}
,{"stream_name":"stdout","time":453.345588333,"data":"    ... 3m elapsed | lang=hi:  66%|██████▋   | 133/200 [03:02\u003c02:00,  1.80s/utt]\n"}
,{"stream_name":"stdout","time":484.912862639,"data":"    ... 3m elapsed | lang=hi:  78%|███████▊  | 155/200 [03:33\u003c01:00,  1.35s/utt]\n"}
,{"stream_name":"stdout","time":515.785961163,"data":"    ... 4m elapsed | lang=hi:  88%|████████▊ | 176/200 [04:05\u003c00:29,  1.23s/utt]\n"}
,{"stream_name":"stdout","time":547.177933676,"data":"    ... 4m elapsed | lang=hi:  96%|█████████▋| 193/200 [04:35\u003c00:09,  1.40s/utt]\n"}
,{"stream_name":"stdout","time":554.958966816,"data":"  200 utts, 200 newly decoded in 4.8 min (RTF=0.25)\n"}
,{"stream_name":"stdout","time":555.370893804,"data":"[lang=hi] WER=0.4814  B-WER=0.6588  U-WER=0.4341  CER=0.3967  WER-L2=0.4217  termF1=0.4796  n=200  wall=4.8 min RTF=0.253\n"}
,{"stream_name":"stdout","time":577.529684295,"data":"    ... 5m elapsed | lang=en:  13%|█▎        | 26/200 [00:21\u003c02:10,  1.33utt/s]\n"}
,{"stream_name":"stdout","time":607.842909433,"data":"    ... 5m elapsed | lang=en:  32%|███▏      | 63/200 [00:51\u003c01:51,  1.22utt/s]\n"}
,{"stream_name":"stdout","time":638.300517968,"data":"    ... 6m elapsed | lang=en:  50%|█████     | 101/200 [01:22\u003c01:11,  1.39utt/s]\n"}
,{"stream_name":"stdout","time":668.991177822,"data":"    ... 6m elapsed | lang=en:  70%|██████▉   | 139/200 [01:52\u003c00:55,  1.09utt/s]\n"}
,{"stream_name":"stdout","time":699.328174576,"data":"    ... 7m elapsed | lang=en:  88%|████████▊ | 177/200 [02:22\u003c00:18,  1.26utt/s]\n"}
,{"stream_name":"stdout","time":719.177822324,"data":"  200 utts, 200 newly decoded in 2.7 min (RTF=0.14)\n"}
,{"stream_name":"stdout","time":719.447268997,"data":"[lang=en] WER=1.0108  B-WER=0.7505  U-WER=1.0801  CER=0.8533  WER-L2=0.9713  termF1=0.5577  n=200  wall=2.7 min RTF=0.145\n"}
,{"stream_name":"stdout","time":731.122354065,"data":"    ... 8m elapsed | lang=auto:   3%|▎         | 6/200 [00:09\u003c05:14,  1.62s/utt]\n"}
,{"stream_name":"stdout","time":761.946970154,"data":"    ... 8m elapsed | lang=auto:  12%|█▏        | 23/200 [00:40\u003c05:08,  1.74s/utt]\n"}
,{"stream_name":"stdout","time":792.70107576,"data":"    ... 9m elapsed | lang=auto:  21%|██        | 42/200 [01:11\u003c04:52,  1.85s/utt]\n"}
,{"stream_name":"stdout","time":824.605687761,"data":"    ... 9m elapsed | lang=auto:  31%|███       | 62/200 [01:42\u003c03:22,  1.47s/utt]\n"}
,{"stream_name":"stdout","time":855.914811926,"data":"    ... 10m elapsed | lang=auto:  40%|████      | 81/200 [02:14\u003c03:28,  1.75s/utt]\n"}
,{"stream_name":"stdout","time":886.057391137,"data":"    ... 10m elapsed | lang=auto:  50%|████▉     | 99/200 [02:45\u003c02:28,  1.47s/utt]\n"}
,{"stream_name":"stdout","time":918.376337788,"data":"    ... 11m elapsed | lang=auto:  60%|██████    | 121/200 [03:16\u003c01:56,  1.47s/utt]\n"}
,{"stream_name":"stdout","time":949.551434459,"data":"    ... 11m elapsed | lang=auto:  70%|███████   | 140/200 [03:48\u003c01:33,  1.56s/utt]\n"}
,{"stream_name":"stdout","time":981.073092958,"data":"    ... 12m elapsed | lang=auto:  78%|███████▊  | 157/200 [04:18\u003c01:34,  2.19s/utt]\n"}
,{"stream_name":"stdout","time":1011.799341563,"data":"    ... 12m elapsed | lang=auto:  88%|████████▊ | 176/200 [04:50\u003c00:33,  1.39s/utt]\n"}
,{"stream_name":"stdout","time":1042.954454409,"data":"    ... 13m elapsed | lang=auto:  95%|█████████▌| 190/200 [05:21\u003c00:17,  1.76s/utt]\n"}
,{"stream_name":"stdout","time":1058.518621416,"data":"  200 utts, 200 newly decoded in 5.7 min (RTF=0.30)\n"}
,{"stream_name":"stdout","time":1058.852534681,"data":"[lang=auto] WER=0.6815  B-WER=0.7676  U-WER=0.6585  CER=0.5553  WER-L2=0.5976  termF1=0.3921  n=200  wall=5.7 min RTF=0.3\n"}
,{"stream_name":"stdout","time":1058.9741107,"data":"§4.3 DECISION: language=hi\n"}
,{"stream_name":"stdout","time":1059.867749285,"data":"  [src/pilots.py finished in 13m 29s]\n"}
,{"stream_name":"stdout","time":1059.868673262,"data":"$ python src/pilots.py model --tier tier1\n"}
,{"stream_name":"stdout","time":1065.787983055,"data":"Warning: You are sending unauthenticated requests to the HF Hub. Please set a HF_TOKEN to enable higher rate limits and faster downloads.\n"}
,{"stream_name":"stdout","time":1073.557832146,"data":"pilot on tier1: 200 utts, 18.8 min audio\n"}
,{"stream_name":"stdout","time":1074.539969266,"data":"    ... 0m elapsed | model=large-v3-turbo:   0%|          | 0/200 [00:00\u003c?, ?utt/s]\n"}
,{"stream_name":"stdout","time":1104.819945572,"data":"    ... 0m elapsed | model=large-v3-turbo:  24%|██▎       | 47/200 [00:30\u003c01:35,  1.60utt/s]\n"}
,{"stream_name":"stdout","time":1134.799727969,"data":"    ... 1m elapsed | model=large-v3-turbo:  47%|████▋     | 94/200 [01:00\u003c01:17,  1.36utt/s]\n"}
,{"stream_name":"stdout","time":1164.9883775,"data":"    ... 1m elapsed | model=large-v3-turbo:  72%|███████▏  | 144/200 [01:30\u003c00:31,  1.80utt/s]\n"}
,{"stream_name":"stdout","time":1195.651134988,"data":"    ... 2m elapsed | model=large-v3-turbo:  95%|█████████▌| 190/200 [02:01\u003c00:06,  1.56utt/s]\n"}
,{"stream_name":"stdout","time":1203.129850962,"data":"  200 utts, 200 newly decoded in 2.2 min (RTF=0.11)\n"}
,{"stream_name":"stdout","time":1203.544680895,"data":"[model=large-v3-turbo] WER=0.5222  B-WER=0.7036  U-WER=0.4739  CER=0.4301  WER-L2=0.4657  termF1=0.4667  n=200  wall=2.2 min RTF=0.115\n"}
,{"stream_name":"stdout","time":1206.606530032,"data":"  200 utts, 0 newly decoded in 0.0 min (all cached)\n"}
,{"stream_name":"stdout","time":1206.994798255,"data":"[model=large-v3] WER=0.4814  B-WER=0.6588  U-WER=0.4341  CER=0.3967  WER-L2=0.4217  termF1=0.4796  n=200  wall=0.0 min RTF=0.0\n"}
,{"stream_name":"stdout","time":1207.151239813,"data":"§4.2 DECISION: large-v3 — turbo is substantially worse on this language pair; use large-v3 as the primary system so the baseline is not knowingly weakened.\n"}
,{"stream_name":"stdout","time":1207.917569302,"data":"  [src/pilots.py finished in 2m 28s]\n"}
,{"stream_name":"stdout","time":1207.918530051,"data":"$ python src/apply_pilot_decisions.py\n"}
,{"stream_name":"stdout","time":1208.028460405,"data":"configuration already matches both pilot decisions; nothing to change.\n"}
,{"stream_name":"stdout","time":1208.029181803,"data":"frozen setup: model=large-v3 (float16), language=hi, beam=5, temperature=0.0\n"}
,{"stream_name":"stdout","time":1208.041428959,"data":"  [src/apply_pilot_decisions.py finished in 0m 0s]\n"}
,{"stream_name":"stdout","time":1208.162198946,"data":"\u003e\u003e\u003e [checkpoint: pilots] 800 decodes cached, 1 MB saved to /kaggle/working\n"}
,{"stream_name":"stdout","time":1208.163132865,"data":"\n"}
,{"stream_name":"stdout","time":1208.163154094,"data":"========================================================================\n"}
,{"stream_name":"stdout","time":1208.163160469,"data":"[04:23:15] CELL 9/13  DONE   — Pilots (language, model)   (15m 57s)\n"}
,{"stream_name":"stdout","time":1208.163166341,"data":"========================================================================\n"}
,{"stream_name":"stdout","time":1208.207537572,"data":"\n"}
,{"stream_name":"stdout","time":1208.207591173,"data":"========================================================================\n"}
,{"stream_name":"stdout","time":1208.207601446,"data":"[04:23:15] CELL 10/13  START  — Baseline + validation gate\n"}
,{"stream_name":"stdout","time":1208.207607081,"data":"========================================================================\n"}
,{"stream_name":"stdout","time":1208.208668209,"data":"$ python src/run_matrix.py baseline --tier tier1\n"}
,{"stream_name":"stdout","time":1208.560692299,"data":"=== B0 on tier1 (200 utts) ===\n"}
,{"stream_name":"stdout","time":1217.147471922,"data":"    ... 0m elapsed | B0:   0%|          | 0/200 [00:00\u003c?, ?utt/s]\n"}
,{"stream_name":"stdout","time":1217.148430836,"data":"  200 utts, 0 newly decoded in 0.0 min (all cached)\n"}
,{"stream_name":"stdout","time":1217.766334856,"data":"  WER=0.4814  B-WER=0.6588  U-WER=0.4341  CER=0.3967  WER-L2=0.4217  termF1=0.4796  n=200\n"}
,{"stream_name":"stdout","time":1217.767473513,"data":"lexicon coverage on tier1: 21.04% of 2229 reference tokens are lexicon terms (15.70% written in Latin script)\n"}
,{"stream_name":"stdout","time":1217.768508854,"data":"$ /usr/bin/python3 src/show_pairs.py --tier tier1 --run B0 -n 20 --sort random\n"}
,{"stream_name":"stdout","time":1218.091824168,"data":"--- 957491_4xyIm2P6Xzlin341_0129  (6.49s, WER=0.54, ins=0)\n"}
,{"stream_name":"stdout","time":1218.092984207,"data":"  REF: send पर क्लिक करें आपका ईमेल भेजा जा चुका है इसे जांच लें\n"}
,{"stream_name":"stdout","time":1218.094217216,"data":"  HYP: आपका इमेल भेजा जा चुका है इसे जॉनस ले\n"}
,{"stream_name":"stdout","time":1218.095255023,"data":"--- 921151_kvxzesc5pGxL6dnk_0042  (2.79s, WER=0.75, ins=0)\n"}
,{"stream_name":"stdout","time":1218.096324762,"data":"  REF: अंत में editor font button पर click करें\n"}
,{"stream_name":"stdout","time":1218.097235429,"data":"  HYP: एडिटर फॉंट बटन पर क्लिक करें\n"}
,{"stream_name":"stdout","time":1218.098203126,"data":"--- 323507_HgEJsLGKNWSFl8T7_0110  (7.72s, WER=0.90, ins=8)\n"}
,{"stream_name":"stdout","time":1218.099271195,"data":"  REF: अधिक जानकारी के लिए कृपया contact spokentutorial org पर लिखें\n"}
,{"stream_name":"stdout","time":1218.100086268,"data":"  HYP: उनको प्रमाण पत्र भी देते हैं अधिक जानकारी के लिए कृपया contact at spoken tutorial org पर लिखें\n"}
,{"stream_name":"stdout","time":1218.1010921,"data":"--- 137494_fpL6MBSZsci9dyAn_0050  (4.77s, WER=0.33, ins=0)\n"}
,{"stream_name":"stdout","time":1218.10220564,"data":"  REF: केवल हमारे द्वारा टैग किये मैसेजेस प्रदर्शित होते हैं\n"}
,{"stream_name":"stdout","time":1218.103114061,"data":"  HYP: केवल हमारे द्वारा tag की messages प्रदर्शित होते हैं\n"}
,{"stream_name":"stdout","time":1218.103939948,"data":"--- 834022_lHGLSlYIb1clRBRF_0004  (7.02s, WER=0.17, ins=0)\n"}
,{"stream_name":"stdout","time":1218.104991125,"data":"  REF: उद्घोषक को reference notes के जरिये मदद करने के लिए जब वह दर्शक के सामने slides प्रस्तुत करे\n"}
,{"stream_name":"stdout","time":1218.105876647,"data":"  HYP: उद्घोशक को reference notes के जरीए मदद करने के लिए जब वह दर्शक के सामने slides प्रस्तुत करें\n"}
,{"stream_name":"stdout","time":1218.106845591,"data":"--- 347099_K5BlLYB9ynemLTVa_0044  (5.45s, WER=0.17, ins=0)\n"}
,{"stream_name":"stdout","time":1218.107828313,"data":"  REF: general टैब में print के अंदर document field में notes option चुनें\n"}
,{"stream_name":"stdout","time":1218.108808953,"data":"  HYP: general टैब में print के अंदर document फील्ड में notes ओप्शन चुनें\n"}
,{"stream_name":"stdout","time":1218.109878587,"data":"--- 508088_RRrEfkw4Rh5TdJkS_0092  (2.48s, WER=0.88, ins=0)\n"}
,{"stream_name":"stdout","time":1218.110962648,"data":"  REF: यह spoken tutorial project का सार देता है\n"}
,{"stream_name":"stdout","time":1218.112083798,"data":"  HYP: यदि आपके पास अच्छा bandwidth नहीं है\n"}
,{"stream_name":"stdout","time":1218.113173374,"data":"--- 360746_4oLp3bc9OSJbDrwM_0007  (5.88s, WER=0.31, ins=0)\n"}
,{"stream_name":"stdout","time":1218.114133357,"data":"  REF: यह commands के लिए alias यानी उपनाम परिभाषित करने का 1 तरीका है\n"}
,{"stream_name":"stdout","time":1218.115185601,"data":"  HYP: यह कमांड के लिए एलियस यानि उपनाम परिभाशित करने का 1 तरीका है\n"}
,{"stream_name":"stdout","time":1218.116189847,"data":"--- 508088_RRrEfkw4Rh5TdJkS_0067  (5.64s, WER=0.08, ins=0)\n"}
,{"stream_name":"stdout","time":1218.117289304,"data":"  REF: all pages option document के सभी पेजेस को प्रिंट करने के लिए है\n"}
,{"stream_name":"stdout","time":1218.118524607,"data":"  HYP: all pages option डॉक्यूमेंट के सभी पेजेस को प्रिंट करने के लिए है\n"}
,{"stream_name":"stdout","time":1218.119570748,"data":"--- 628028_K8YJLqIcMPJ5GftE_0141  (2.44s, WER=0.00, ins=0)\n"}
,{"stream_name":"stdout","time":1218.120966078,"data":"  REF: 1 मौजूदा एड्रेस बुक डिलीट करें\n"}
,{"stream_name":"stdout","time":1218.122281015,"data":"  HYP: 1 मौजूदा एड्रेस बुक डिलीट करें\n"}
,{"stream_name":"stdout","time":1218.123617837,"data":"--- 791308_kGQKLyQ1HtnUNL1d_0051  (4.04s, WER=0.57, ins=0)\n"}
,{"stream_name":"stdout","time":1218.124661008,"data":"  REF: default रूप से american english चयनित है\n"}
,{"stream_name":"stdout","time":1218.125707681,"data":"  HYP: डिफॉल्ट रूप से अमेरिकन इंग्लिश चैनित है\n"}
,{"stream_name":"stdout","time":1218.12669444,"data":"--- 656852_dNHXkqqVPqWYhzis_0079  (10.15s, WER=1.70, ins=15)\n"}
,{"stream_name":"stdout","time":1218.127862501,"data":"  REF: हमारी team में से कोई भी 1 उसका जवाब देगा\n"}
,{"stream_name":"stdout","time":1218.128897431,"data":"  HYP: मिनट और सेकंड को चुनें जहां आपको समस्या है अपने सवाल को संशेप में समझाएं हमारी टीम में से कोई भी 1 उसका जबाब देगा\n"}
,{"stream_name":"stdout","time":1218.130072881,"data":"--- 957491_4xyIm2P6Xzlin341_0159  (8.03s, WER=0.33, ins=0)\n"}
,{"stream_name":"stdout","time":1218.131070066,"data":"  REF: यह अकाऊंट का उपयोग करके मेल्स भेजें और प्राप्त करें निरीक्षण करें क्या होता है\n"}
,{"stream_name":"stdout","time":1218.132341567,"data":"  HYP: इस अकाउंट का उप्योग करके मेल्स भेजे और प्राप्त करें निरीशन करें क्या होता है\n"}
,{"stream_name":"stdout","time":1218.133274491,"data":"--- 628028_K8YJLqIcMPJ5GftE_0151  (1.68s, WER=0.00, ins=0)\n"}
,{"stream_name":"stdout","time":1218.134406134,"data":"  REF: spoken tutorial project team\n"}
,{"stream_name":"stdout","time":1218.135567641,"data":"  HYP: spoken tutorial project team\n"}
,{"stream_name":"stdout","time":1218.136574937,"data":"--- 137494_fpL6MBSZsci9dyAn_0159  (5.74s, WER=0.33, ins=2)\n"}
,{"stream_name":"stdout","time":1218.137497998,"data":"  REF: अधिक जानकारी के लिए contact spokentutorial org पर लिखें\n"}
,{"stream_name":"stdout","time":1218.138529036,"data":"  HYP: अधिक जानकारी के लिए contact at spoken tutorial org पर लिखें\n"}
,{"stream_name":"stdout","time":1218.139586679,"data":"--- 598753_406yMKxIdSDHRf8H_0057  (6.89s, WER=0.39, ins=1)\n"}
,{"stream_name":"stdout","time":1218.140508098,"data":"  REF: जैसे ही आप control point पर अपना cursor घुमाते हैं cursor 1 doublesided arrow में परिवर्तित होता है\n"}
,{"stream_name":"stdout","time":1218.141473789,"data":"  HYP: जैसे ही आप कंट्रोल पॉइंट पर अपना करसर घुमाते हैं करसर 1 डबल साइडेड एरो में परिवर्तित होता है\n"}
,{"stream_name":"stdout","time":1218.1426104,"data":"--- 323507_HgEJsLGKNWSFl8T7_0045  (9.08s, WER=0.14, ins=1)\n"}
,{"stream_name":"stdout","time":1218.143655559,"data":"  REF: यहां इन options के लिए shortcut कीज भी हैंcopy करने के लिए ctrl c और paste करने के लिए ctrl v\n"}
,{"stream_name":"stdout","time":1218.144637977,"data":"  HYP: यहां इन options के लिए shortcut keys भी है copy करने के लिए ctrl c और paste करने के लिए ctrl v\n"}
,{"stream_name":"stdout","time":1218.145529879,"data":"--- 521245_Psh5UDSFbhWLZ3gk_0122  (3.06s, WER=0.82, ins=0)\n"}
,{"stream_name":"stdout","time":1218.146499395,"data":"  REF: थंडरबर्ड की 1 और लाभदायक विशेषता है जंक मैसेजेस को पहचानना\n"}
,{"stream_name":"stdout","time":1218.147539666,"data":"  HYP: जंक मैसेज को बहचानना\n"}
,{"stream_name":"stdout","time":1218.148534487,"data":"--- 656852_dNHXkqqVPqWYhzis_0061  (7.35s, WER=0.30, ins=1)\n"}
,{"stream_name":"stdout","time":1218.149459476,"data":"  REF: अन्यथा आप बदलाव को सेव करने के लिए toolbar में नीचे की ओर arrow icon पर click कर सकते हैं\n"}
,{"stream_name":"stdout","time":1218.150423909,"data":"  HYP: अन्यथा आप बदलाब को सेव करने के लिए तूल बार में नीचे की ओर एरो आइकन पर क्लिक कर सकते हैं\n"}
,{"stream_name":"stdout","time":1218.151403963,"data":"--- 388577_LPGZ2Jo8uBX4sx76_0082  (5.04s, WER=0.23, ins=0)\n"}
,{"stream_name":"stdout","time":1218.152475454,"data":"  REF: इसके अलावा line जिस पर cursor है bold में प्रदर्शित हो रहा है\n"}
,{"stream_name":"stdout","time":1218.15347223,"data":"  HYP: इसके अलावा लाइन जिस पर करसर है बोल्ड में प्रदर्शित हो रहा है\n"}
,{"stream_name":"stdout","time":1218.15440579,"data":"-\u003e report/validation_pairs_tier1_B0.md\n"}
,{"stream_name":"stdout","time":1218.155439588,"data":"$ /usr/bin/python3 src/analyze_errors.py --tier tier1 --run B0\n"}
,{"stream_name":"stdout","time":1218.505210812,"data":"=== headroom estimate (§8.4) ===\n"}
,{"stream_name":"stdout","time":1218.506007356,"data":"378 of 1073 word errors (35.2%) touch a syllabus lexicon term. Terminology biasing can therefore reduce overall WER by at most that share, and only to the extent it repairs those errors without introducing new ones.\n"}
,{"stream_name":"stdout","time":1218.506889281,"data":"=== substitution categories (617 substitutions) ===\n"}
,{"stream_name":"stdout","time":1218.508160656,"data":"     200   32.4%  terminology\n"}
,{"stream_name":"stdout","time":1218.508896468,"data":"     199   32.3%  other\n"}
,{"stream_name":"stdout","time":1218.50982555,"data":"     124   20.1%  orthographic\n"}
,{"stream_name":"stdout","time":1218.510780934,"data":"      78   12.6%  function_word\n"}
,{"stream_name":"stdout","time":1218.511875719,"data":"      16    2.6%  english_nonterm\n"}
,{"stream_name":"stdout","time":1218.512903998,"data":"=== WER by utterance duration ===\n"}
,{"stream_name":"stdout","time":1218.513822228,"data":"   0-2s: WER=0.8163  (49 ref words)\n"}
,{"stream_name":"stdout","time":1218.514761192,"data":"   2-4s: WER=0.4628  (417 ref words)\n"}
,{"stream_name":"stdout","time":1218.515780801,"data":"   4-7s: WER=0.3927  (932 ref words)\n"}
,{"stream_name":"stdout","time":1218.516662162,"data":"    7s+: WER=0.5704  (831 ref words)\n"}
,{"stream_name":"stdout","time":1218.517588612,"data":"=== top 20 substitution pairs (ref -\u003e hyp) ===\n"}
,{"stream_name":"stdout","time":1218.518596191,"data":"    21                   click  -\u003e  क्लिक                  [orthographic]\n"}
,{"stream_name":"stdout","time":1218.519504065,"data":"     9                    file  -\u003e  फाइल                   [orthographic]\n"}
,{"stream_name":"stdout","time":1218.520464336,"data":"     8                   चुनें  -\u003e  चुने                   [other]\n"}
,{"stream_name":"stdout","time":1218.521386985,"data":"     7                   slide  -\u003e  स्लाइड                 [orthographic]\n"}
,{"stream_name":"stdout","time":1218.522500414,"data":"     5                  करुंगी  -\u003e  करूंगी                 [orthographic]\n"}
,{"stream_name":"stdout","time":1218.52333498,"data":"     4                      है  -\u003e  हैं                    [function_word]\n"}
,{"stream_name":"stdout","time":1218.524305174,"data":"     4                थंडरबर्ड  -\u003e  thunderbird            [terminology]\n"}
,{"stream_name":"stdout","time":1218.525157539,"data":"     4                    type  -\u003e  टाइप                   [terminology]\n"}
,{"stream_name":"stdout","time":1218.526102632,"data":"     3                  slides  -\u003e  स्लाइड                 [terminology]\n"}
,{"stream_name":"stdout","time":1218.527016693,"data":"     3                     गये  -\u003e  गए                     [function_word]\n"}
,{"stream_name":"stdout","time":1218.527869188,"data":"     3                  button  -\u003e  बटन                    [terminology]\n"}
,{"stream_name":"stdout","time":1218.5289347,"data":"     3                    icon  -\u003e  आइकन                   [other]\n"}
,{"stream_name":"stdout","time":1218.529620162,"data":"     3                  cursor  -\u003e  करसर                   [terminology]\n"}
,{"stream_name":"stdout","time":1218.530352373,"data":"     3                terminal  -\u003e  टर्मिनल                [terminology]\n"}
,{"stream_name":"stdout","time":1218.531106817,"data":"     3                    ctrl  -\u003e  कंट्रोल                [terminology]\n"}
,{"stream_name":"stdout","time":1218.531956756,"data":"     3                  डायलॉग  -\u003e  dialog                 [terminology]\n"}
,{"stream_name":"stdout","time":1218.532881111,"data":"     3                   बॉक्स  -\u003e  box                    [orthographic]\n"}
,{"stream_name":"stdout","time":1218.533808971,"data":"     3                  एड्रेस  -\u003e  address                [terminology]\n"}
,{"stream_name":"stdout","time":1218.53479785,"data":"     3                     बुक  -\u003e  book                   [terminology]\n"}
,{"stream_name":"stdout","time":1218.535537421,"data":"     3                   जीमेल  -\u003e  gmail                  [terminology]\n"}
,{"stream_name":"stdout","time":1218.536291342,"data":"-\u003e runs/tier1/B0/error_analysis.json\n"}
,{"stream_name":"stdout","time":1218.537040574,"data":"=== §8.1 validation gate ===\n"}
,{"stream_name":"stdout","time":1218.53778058,"data":"[PASS] baseline WER = 0.4814 (below the 0.60 plausibility threshold)\n"}
,{"stream_name":"stdout","time":1218.538466436,"data":"    level-2 (script-invariant) WER = 0.4217; orthographic share of error = 12.4%\n"}
,{"stream_name":"stdout","time":1219.259765796,"data":"  [src/run_matrix.py finished in 0m 11s]\n"}
,{"stream_name":"stdout","time":1219.392047858,"data":"\u003e\u003e\u003e [checkpoint: baseline] 800 decodes cached, 1 MB saved to /kaggle/working\n"}
,{"stream_name":"stdout","time":1219.392942093,"data":"\n"}
,{"stream_name":"stdout","time":1219.392974121,"data":"========================================================================\n"}
,{"stream_name":"stdout","time":1219.392984352,"data":"[04:23:26] CELL 10/13  DONE   — Baseline + validation gate   (0m 11s)\n"}
,{"stream_name":"stdout","time":1219.392987739,"data":"========================================================================\n"}
,{"stream_name":"stdout","time":1219.443235976,"data":"\n"}
,{"stream_name":"stdout","time":1219.443287258,"data":"========================================================================\n"}
,{"stream_name":"stdout","time":1219.443295269,"data":"[04:23:27] CELL 11/13  START  — Tier-1 tuning\n"}
,{"stream_name":"stdout","time":1219.443300361,"data":"========================================================================\n"}
,{"stream_name":"stdout","time":1219.444036195,"data":"$ python src/run_matrix.py tune --tier tier1\n"}
,{"stream_name":"stdout","time":1219.765963212,"data":"$ /usr/bin/python3 src/eval_retrieval.py --tier tier1\n"}
,{"stream_name":"stdout","time":1231.296919014,"data":"Warning: You are sending unauthenticated requests to the HF Hub. Please set a HF_TOKEN to enable higher rate limits and faster downloads.\n"}
,{"stream_name":"stdout","time":1232.752443181,"data":"    ... 0m elapsed | Loading weights:   0%|          | 0/199 [00:00\u003c?, ?it/s]\n"}
,{"stream_name":"stdout","time":1232.883252007,"data":"BertModel LOAD REPORT from: sentence-transformers/paraphrase-multilingual-MiniLM-L12-v2\n"}
,{"stream_name":"stdout","time":1232.884201061,"data":"Key                     | Status     |  |\n"}
,{"stream_name":"stdout","time":1232.885288962,"data":"------------------------+------------+--+-\n"}
,{"stream_name":"stdout","time":1232.886066505,"data":"embeddings.position_ids | UNEXPECTED |  |\n"}
,{"stream_name":"stdout","time":1232.886783846,"data":"Notes:\n"}
,{"stream_name":"stdout","time":1232.887503706,"data":"- UNEXPECTED\t:can be ignored when loading from different task/architecture; not ok if you expect identical arch.\n"}
,{"stream_name":"stdout","time":1237.474065165,"data":"lecture_k1       top-1 acc=0.6350  gold in top-1=0.6350  (200 utts)\n"}
,{"stream_name":"stdout","time":1237.790970751,"data":"lecture_k3       top-1 acc=0.6350  gold in top-3=0.8100  (200 utts)\n"}
,{"stream_name":"stdout","time":1238.106146318,"data":"lecture_k5       top-1 acc=0.6350  gold in top-5=0.8250  (200 utts)\n"}
,{"stream_name":"stdout","time":1240.205018055,"data":"utterance_k1     top-1 acc=0.3450  gold in top-1=0.3450  (200 utts)\n"}
,{"stream_name":"stdout","time":1242.245760621,"data":"utterance_k3     top-1 acc=0.3450  gold in top-3=0.5600  (200 utts)\n"}
,{"stream_name":"stdout","time":1244.268321892,"data":"utterance_k5     top-1 acc=0.3450  gold in top-5=0.6200  (200 utts)\n"}
,{"stream_name":"stdout","time":1244.269150296,"data":"primary (lecture_k3) top-1 retrieval accuracy: 0.6350  -\u003e runs/tier1/retrieval_accuracy.json\n"}
,{"stream_name":"stdout","time":1245.912826987,"data":"$ /usr/bin/python3 src/sweeps.py style --tier tier1\n"}
,{"stream_name":"stdout","time":1246.259143489,"data":"=== _sweep_M1_prose on tier1 (200 utts) ===\n"}
,{"stream_name":"stdout","time":1257.597938399,"data":"Warning: You are sending unauthenticated requests to the HF Hub. Please set a HF_TOKEN to enable higher rate limits and faster downloads.\n"}
,{"stream_name":"stdout","time":1258.670776964,"data":"BertModel LOAD REPORT from: sentence-transformers/paraphrase-multilingual-MiniLM-L12-v2\n"}
,{"stream_name":"stdout","time":1258.671777696,"data":"Key                     | Status     |  |\n"}
,{"stream_name":"stdout","time":1258.672504675,"data":"------------------------+------------+--+-\n"}
,{"stream_name":"stdout","time":1258.673212987,"data":"embeddings.position_ids | UNEXPECTED |  |\n"}
,{"stream_name":"stdout","time":1258.673963049,"data":"Notes:\n"}
,{"stream_name":"stdout","time":1258.674767343,"data":"- UNEXPECTED\t:can be ignored when loading from different task/architecture; not ok if you expect identical arch.\n"}
,{"stream_name":"stdout","time":1267.216624029,"data":"    ... 0m elapsed | _sweep_M1_prose:   0%|          | 0/200 [00:00\u003c?, ?utt/s]\n"}
,{"stream_name":"stdout","time":1297.994170289,"data":"    ... 1m elapsed | _sweep_M1_prose:   8%|▊         | 15/200 [00:30\u003c07:00,  2.27s/utt]\n"}
,{"stream_name":"stdout","time":1329.645284091,"data":"    ... 1m elapsed | _sweep_M1_prose:  18%|█▊        | 35/200 [01:01\u003c05:10,  1.88s/utt]\n"}
,{"stream_name":"stdout","time":1359.990312907,"data":"    ... 2m elapsed | _sweep_M1_prose:  26%|██▋       | 53/200 [01:33\u003c03:51,  1.58s/utt]\n"}
,{"stream_name":"stdout","time":1391.376901872,"data":"    ... 2m elapsed | _sweep_M1_prose:  34%|███▍      | 68/200 [02:03\u003c03:52,  1.76s/utt]\n"}
,{"stream_name":"stdout","time":1421.815955695,"data":"    ... 3m elapsed | _sweep_M1_prose:  43%|████▎     | 86/200 [02:33\u003c02:41,  1.42s/utt]\n"}
,{"stream_name":"stdout","time":1451.864063155,"data":"    ... 3m elapsed | _sweep_M1_prose:  48%|████▊     | 96/200 [03:04\u003c05:02,  2.91s/utt]\n"}
,{"stream_name":"stdout","time":1483.456177847,"data":"    ... 4m elapsed | _sweep_M1_prose:  56%|█████▌    | 111/200 [03:35\u003c02:29,  1.68s/utt]\n"}
,{"stream_name":"stdout","time":1516.615214561,"data":"    ... 4m elapsed | _sweep_M1_prose:  66%|██████▌   | 132/200 [04:07\u003c01:33,  1.37s/utt]\n"}
,{"stream_name":"stdout","time":1549.534590111,"data":"    ... 5m elapsed | _sweep_M1_prose:  74%|███████▍  | 149/200 [04:40\u003c01:47,  2.11s/utt]\n"}
,{"stream_name":"stdout","time":1581.247159906,"data":"    ... 6m elapsed | _sweep_M1_prose:  82%|████████▏ | 164/200 [05:13\u003c01:15,  2.10s/utt]\n"}
,{"stream_name":"stdout","time":1616.281932928,"data":"    ... 6m elapsed | _sweep_M1_prose:  90%|████████▉ | 179/200 [05:43\u003c00:31,  1.52s/utt]\n"}
,{"stream_name":"stdout","time":1648.057170735,"data":"    ... 7m elapsed | _sweep_M1_prose:  98%|█████████▊| 196/200 [06:20\u003c00:07,  1.82s/utt]\n"}
,{"stream_name":"stdout","time":1653.282280113,"data":"  200 utts, 200 newly decoded in 6.5 min (RTF=0.34)\n"}
,{"stream_name":"stdout","time":1653.936969769,"data":"  WER=0.6949  B-WER=0.7484  U-WER=0.6807  CER=0.6265  WER-L2=0.6474  termF1=0.4972  n=200\n"}
,{"stream_name":"stdout","time":1653.937898309,"data":"  context-echo guard fired on 1 utts (0.5%)\n"}
,{"stream_name":"stdout","time":1653.938708227,"data":"=== _sweep_M1_glossary on tier1 (200 utts) ===\n"}
,{"stream_name":"stdout","time":1655.148790842,"data":"BertModel LOAD REPORT from: sentence-transformers/paraphrase-multilingual-MiniLM-L12-v2\n"}
,{"stream_name":"stdout","time":1655.149955537,"data":"Key                     | Status     |  |\n"}
,{"stream_name":"stdout","time":1655.151182201,"data":"------------------------+------------+--+-\n"}
,{"stream_name":"stdout","time":1655.152137589,"data":"embeddings.position_ids | UNEXPECTED |  |\n"}
,{"stream_name":"stdout","time":1655.152990919,"data":"Notes:\n"}
,{"stream_name":"stdout","time":1655.153855131,"data":"- UNEXPECTED\t:can be ignored when loading from different task/architecture; not ok if you expect identical arch.\n"}
,{"stream_name":"stdout","time":1679.929019581,"data":"    ... 7m elapsed | _sweep_M1_glossary:   5%|▌         | 10/200 [00:16\u003c05:24,  1.71s/utt]\n"}
,{"stream_name":"stdout","time":1711.851746364,"data":"    ... 8m elapsed | _sweep_M1_glossary:  12%|█▎        | 25/200 [00:48\u003c05:20,  1.83s/utt]\n"}
,{"stream_name":"stdout","time":1742.30178722,"data":"    ... 8m elapsed | _sweep_M1_glossary:  21%|██        | 42/200 [01:20\u003c05:46,  2.20s/utt]\n"}
,{"stream_name":"stdout","time":1774.085494022,"data":"    ... 9m elapsed | _sweep_M1_glossary:  31%|███       | 62/200 [01:50\u003c03:36,  1.57s/utt]\n"}
,{"stream_name":"stdout","time":1805.171715061,"data":"    ... 9m elapsed | _sweep_M1_glossary:  40%|████      | 81/200 [02:22\u003c03:24,  1.72s/utt]\n"}
,{"stream_name":"stdout","time":1836.450638247,"data":"    ... 10m elapsed | _sweep_M1_glossary:  49%|████▉     | 98/200 [02:54\u003c02:53,  1.70s/utt]\n"}
,{"stream_name":"stdout","time":1867.254772396,"data":"    ... 10m elapsed | _sweep_M1_glossary:  58%|█████▊    | 116/200 [03:24\u003c04:01,  2.88s/utt]\n"}
,{"stream_name":"stdout","time":1899.071401925,"data":"    ... 11m elapsed | _sweep_M1_glossary:  67%|██████▋   | 134/200 [03:55\u003c02:19,  2.12s/utt]\n"}
,{"stream_name":"stdout","time":1929.570899754,"data":"    ... 11m elapsed | _sweep_M1_glossary:  76%|███████▌  | 152/200 [04:26\u003c01:31,  1.92s/utt]\n"}
,{"stream_name":"stdout","time":1960.734479178,"data":"    ... 12m elapsed | _sweep_M1_glossary:  84%|████████▍ | 169/200 [04:57\u003c00:48,  1.55s/utt]\n"}
,{"stream_name":"stdout","time":1991.035369432,"data":"    ... 12m elapsed | _sweep_M1_glossary:  92%|█████████▏| 184/200 [05:29\u003c00:35,  2.24s/utt]\n"}
,{"stream_name":"stdout","time":2014.90868798,"data":"  200 utts, 200 newly decoded in 5.9 min (RTF=0.31)\n"}
,{"stream_name":"stdout","time":2015.528019321,"data":"  WER=0.6106  B-WER=1.0469  U-WER=0.4943  CER=0.5653  WER-L2=0.5689  termF1=0.4718  n=200\n"}
,{"stream_name":"stdout","time":2015.529015302,"data":"M1 context style chosen on tier1: glossary (no point kept U-WER at or below the baseline; fell back to lowest overall WER)\n"}
,{"stream_name":"stdout","time":2017.310869832,"data":"$ /usr/bin/python3 src/sweeps.py m2 --tier tier1\n"}
,{"stream_name":"stdout","time":2017.681241571,"data":"=== _sweep_M2_n10 on tier1 (200 utts) ===\n"}
,{"stream_name":"stdout","time":2029.521197372,"data":"Warning: You are sending unauthenticated requests to the HF Hub. Please set a HF_TOKEN to enable higher rate limits and faster downloads.\n"}
,{"stream_name":"stdout","time":2030.466353037,"data":"    ... 13m elapsed | Loading weights:   0%|          | 0/199 [00:00\u003c?, ?it/s]\n"}
,{"stream_name":"stdout","time":2030.599868988,"data":"BertModel LOAD REPORT from: sentence-transformers/paraphrase-multilingual-MiniLM-L12-v2\n"}
,{"stream_name":"stdout","time":2030.600898344,"data":"Key                     | Status     |  |\n"}
,{"stream_name":"stdout","time":2030.601691603,"data":"------------------------+------------+--+-\n"}
,{"stream_name":"stdout","time":2030.602463596,"data":"embeddings.position_ids | UNEXPECTED |  |\n"}
,{"stream_name":"stdout","time":2030.603234296,"data":"Notes:\n"}
,{"stream_name":"stdout","time":2030.604146956,"data":"- UNEXPECTED\t:can be ignored when loading from different task/architecture; not ok if you expect identical arch.\n"}
,{"stream_name":"stdout","time":2060.736701767,"data":"    ... 14m elapsed | _sweep_M2_n10:   8%|▊         | 15/200 [00:21\u003c03:56,  1.28s/utt]\n"}
,{"stream_name":"stdout","time":2090.936820467,"data":"    ... 14m elapsed | _sweep_M2_n10:  17%|█▋        | 34/200 [00:50\u003c03:33,  1.29s/utt]\n"}
,{"stream_name":"stdout","time":2121.869918854,"data":"    ... 15m elapsed | _sweep_M2_n10:  27%|██▋       | 54/200 [01:22\u003c03:07,  1.28s/utt]\n"}
,{"stream_name":"stdout","time":2152.376604666,"data":"    ... 15m elapsed | _sweep_M2_n10:  37%|███▋      | 74/200 [01:52\u003c02:45,  1.31s/utt]\n"}
,{"stream_name":"stdout","time":2183.347077254,"data":"    ... 16m elapsed | _sweep_M2_n10:  46%|████▋     | 93/200 [02:23\u003c03:22,  1.90s/utt]\n"}
,{"stream_name":"stdout","time":2213.992403859,"data":"    ... 16m elapsed | _sweep_M2_n10:  59%|█████▉    | 118/200 [02:55\u003c01:40,  1.22s/utt]\n"}
,{"stream_name":"stdout","time":2244.835421376,"data":"    ... 17m elapsed | _sweep_M2_n10:  68%|██████▊   | 137/200 [03:25\u003c01:42,  1.63s/utt]\n"}
,{"stream_name":"stdout","time":2276.102151021,"data":"    ... 17m elapsed | _sweep_M2_n10:  78%|███████▊  | 157/200 [03:55\u003c01:22,  1.91s/utt]\n"}
,{"stream_name":"stdout","time":2311.864383736,"data":"    ... 18m elapsed | _sweep_M2_n10:  90%|████████▉ | 179/200 [04:27\u003c00:25,  1.23s/utt]\n"}
,{"stream_name":"stdout","time":2341.349635462,"data":"  200 utts, 200 newly decoded in 5.1 min (RTF=0.27)\n"}
,{"stream_name":"stdout","time":2341.949027271,"data":"  WER=0.4585  B-WER=0.5437  U-WER=0.4358  CER=0.3715  WER-L2=0.4114  termF1=0.5630  n=200\n"}
,{"stream_name":"stdout","time":2341.950107858,"data":"=== _sweep_M2_n20 on tier1 (200 utts) ===\n"}
,{"stream_name":"stdout","time":2343.010880987,"data":"    ... 18m elapsed | Loading weights:   0%|          | 0/199 [00:00\u003c?, ?it/s]\n"}
,{"stream_name":"stdout","time":2343.139521347,"data":"BertModel LOAD REPORT from: sentence-transformers/paraphrase-multilingual-MiniLM-L12-v2\n"}
,{"stream_name":"stdout","time":2343.140640527,"data":"Key                     | Status     |  |\n"}
,{"stream_name":"stdout","time":2343.141607337,"data":"------------------------+------------+--+-\n"}
,{"stream_name":"stdout","time":2343.142412982,"data":"embeddings.position_ids | UNEXPECTED |  |\n"}
,{"stream_name":"stdout","time":2343.143196455,"data":"Notes:\n"}
,{"stream_name":"stdout","time":2343.144012493,"data":"- UNEXPECTED\t:can be ignored when loading from different task/architecture; not ok if you expect identical arch.\n"}
,{"stream_name":"stdout","time":2375.148403594,"data":"    ... 19m elapsed | _sweep_M2_n20:   8%|▊         | 17/200 [00:23\u003c03:32,  1.16s/utt]\n"}
,{"stream_name":"stdout","time":2405.706614233,"data":"    ... 19m elapsed | _sweep_M2_n20:  18%|█▊        | 36/200 [00:55\u003c04:37,  1.69s/utt]\n"}
,{"stream_name":"stdout","time":2436.618294627,"data":"    ... 20m elapsed | _sweep_M2_n20:  28%|██▊       | 57/200 [01:26\u003c03:18,  1.39s/utt]\n"}
,{"stream_name":"stdout","time":2467.806819005,"data":"    ... 20m elapsed | _sweep_M2_n20:  40%|███▉      | 79/200 [01:57\u003c02:31,  1.26s/utt]\n"}
,{"stream_name":"stdout","time":2497.921000098,"data":"    ... 21m elapsed | _sweep_M2_n20:  49%|████▉     | 98/200 [02:27\u003c02:09,  1.27s/utt]\n"}
,{"stream_name":"stdout","time":2528.530802368,"data":"    ... 21m elapsed | _sweep_M2_n20:  60%|██████    | 121/200 [02:57\u003c01:53,  1.43s/utt]\n"}
,{"stream_name":"stdout","time":2558.579973225,"data":"    ... 22m elapsed | _sweep_M2_n20:  70%|███████   | 140/200 [03:28\u003c01:31,  1.52s/utt]\n"}
,{"stream_name":"stdout","time":2589.08818852,"data":"    ... 22m elapsed | _sweep_M2_n20:  80%|████████  | 160/200 [03:58\u003c01:00,  1.52s/utt]\n"}
,{"stream_name":"stdout","time":2622.022544916,"data":"    ... 23m elapsed | _sweep_M2_n20:  90%|████████▉ | 179/200 [04:27\u003c00:26,  1.25s/utt]\n"}
,{"stream_name":"stdout","time":2652.867182135,"data":"    ... 23m elapsed | _sweep_M2_n20:  99%|█████████▉| 198/200 [05:01\u003c00:03,  1.63s/utt]\n"}
,{"stream_name":"stdout","time":2653.917756128,"data":"  200 utts, 200 newly decoded in 5.1 min (RTF=0.27)\n"}
,{"stream_name":"stdout","time":2654.499656606,"data":"  WER=0.4482  B-WER=0.5181  U-WER=0.4295  CER=0.3579  WER-L2=0.4065  termF1=0.5847  n=200\n"}
,{"stream_name":"stdout","time":2654.500518969,"data":"=== _sweep_M2_n30 on tier1 (200 utts) ===\n"}
,{"stream_name":"stdout","time":2655.722004575,"data":"BertModel LOAD REPORT from: sentence-transformers/paraphrase-multilingual-MiniLM-L12-v2\n"}
,{"stream_name":"stdout","time":2655.722980576,"data":"Key                     | Status     |  |\n"}
,{"stream_name":"stdout","time":2655.723901291,"data":"------------------------+------------+--+-\n"}
,{"stream_name":"stdout","time":2655.724656278,"data":"embeddings.position_ids | UNEXPECTED |  |\n"}
,{"stream_name":"stdout","time":2655.725380395,"data":"Notes:\n"}
,{"stream_name":"stdout","time":2655.726146509,"data":"- UNEXPECTED\t:can be ignored when loading from different task/architecture; not ok if you expect identical arch.\n"}
,{"stream_name":"stdout","time":2683.705201452,"data":"    ... 24m elapsed | _sweep_M2_n30:   7%|▋         | 14/200 [00:20\u003c04:08,  1.34s/utt]\n"}
,{"stream_name":"stdout","time":2715.925619348,"data":"    ... 24m elapsed | _sweep_M2_n30:  17%|█▋        | 34/200 [00:51\u003c03:35,  1.30s/utt]\n"}
,{"stream_name":"stdout","time":2746.825819907,"data":"    ... 25m elapsed | _sweep_M2_n30:  28%|██▊       | 55/200 [01:23\u003c03:00,  1.24s/utt]\n"}
,{"stream_name":"stdout","time":2776.904097324,"data":"    ... 25m elapsed | _sweep_M2_n30:  38%|███▊      | 75/200 [01:54\u003c03:03,  1.46s/utt]\n"}
,{"stream_name":"stdout","time":2807.5723988190002,"data":"    ... 26m elapsed | _sweep_M2_n30:  47%|████▋     | 94/200 [02:24\u003c03:08,  1.78s/utt]\n"}
,{"stream_name":"stdout","time":2838.577404507,"data":"    ... 26m elapsed | _sweep_M2_n30:  60%|█████▉    | 119/200 [02:55\u003c01:38,  1.22s/utt]\n"}
,{"stream_name":"stdout","time":2868.685147937,"data":"    ... 27m elapsed | _sweep_M2_n30:  68%|██████▊   | 137/200 [03:25\u003c01:44,  1.66s/utt]\n"}
,{"stream_name":"stdout","time":2900.294952447,"data":"    ... 28m elapsed | _sweep_M2_n30:  78%|███████▊  | 157/200 [03:55\u003c01:23,  1.95s/utt]\n"}
,{"stream_name":"stdout","time":2936.13839493,"data":"    ... 28m elapsed | _sweep_M2_n30:  90%|████████▉ | 179/200 [04:28\u003c00:26,  1.24s/utt]\n"}
,{"stream_name":"stdout","time":2966.393973648,"data":"    ... 29m elapsed | _sweep_M2_n30:  98%|█████████▊| 196/200 [04:58\u003c00:06,  1.51s/utt]\n"}
,{"stream_name":"stdout","time":2970.845882734,"data":"  200 utts, 200 newly decoded in 5.2 min (RTF=0.27)\n"}
,{"stream_name":"stdout","time":2971.437969758,"data":"  WER=0.4549  B-WER=0.5245  U-WER=0.4364  CER=0.3660  WER-L2=0.4141  termF1=0.5866  n=200\n"}
,{"stream_name":"stdout","time":2971.438984898,"data":"  context-echo guard fired on 1 utts (0.5%)\n"}
,{"stream_name":"stdout","time":2971.439816577,"data":"=== _sweep_M2_n50 on tier1 (200 utts) ===\n"}
,{"stream_name":"stdout","time":2972.640721431,"data":"BertModel LOAD REPORT from: sentence-transformers/paraphrase-multilingual-MiniLM-L12-v2\n"}
,{"stream_name":"stdout","time":2972.642780428,"data":"Key                     | Status     |  |\n"}
,{"stream_name":"stdout","time":2972.643704365,"data":"------------------------+------------+--+-\n"}
,{"stream_name":"stdout","time":2972.644562951,"data":"embeddings.position_ids | UNEXPECTED |  |\n"}
,{"stream_name":"stdout","time":2972.645252145,"data":"Notes:\n"}
,{"stream_name":"stdout","time":2972.646069369,"data":"- UNEXPECTED\t:can be ignored when loading from different task/architecture; not ok if you expect identical arch.\n"}
,{"stream_name":"stdout","time":2997.481275121,"data":"    ... 29m elapsed | _sweep_M2_n50:   6%|▌         | 11/200 [00:17\u003c05:17,  1.68s/utt]\n"}
,{"stream_name":"stdout","time":3028.328636967,"data":"    ... 30m elapsed | _sweep_M2_n50:  16%|█▌        | 31/200 [00:48\u003c03:54,  1.39s/utt]\n"}
,{"stream_name":"stdout","time":3059.562247018,"data":"    ... 30m elapsed | _sweep_M2_n50:  26%|██▌       | 51/200 [01:19\u003c03:21,  1.35s/utt]\n"}
,{"stream_name":"stdout","time":3090.627481819,"data":"    ... 31m elapsed | _sweep_M2_n50:  36%|███▌      | 71/200 [01:51\u003c03:16,  1.52s/utt]\n"}
,{"stream_name":"stdout","time":3121.125018759,"data":"    ... 31m elapsed | _sweep_M2_n50:  45%|████▌     | 90/200 [02:20\u003c03:26,  1.88s/utt]\n"}
,{"stream_name":"stdout","time":3151.610111987,"data":"    ... 32m elapsed | _sweep_M2_n50:  56%|█████▋    | 113/200 [02:52\u003c01:56,  1.33s/utt]\n"}
,{"stream_name":"stdout","time":3181.770184229,"data":"    ... 32m elapsed | _sweep_M2_n50:  66%|██████▌   | 132/200 [03:20\u003c01:42,  1.51s/utt]\n"}
,{"stream_name":"stdout","time":3212.234070067,"data":"    ... 33m elapsed | _sweep_M2_n50:  76%|███████▌  | 152/200 [03:52\u003c01:15,  1.56s/utt]\n"}
,{"stream_name":"stdout","time":3244.542286539,"data":"    ... 33m elapsed | _sweep_M2_n50:  86%|████████▌ | 171/200 [04:23\u003c00:40,  1.41s/utt]\n"}
,{"stream_name":"stdout","time":3274.776999529,"data":"    ... 34m elapsed | _sweep_M2_n50:  94%|█████████▍| 189/200 [04:54\u003c00:15,  1.41s/utt]\n"}
,{"stream_name":"stdout","time":3296.031679985,"data":"  200 utts, 200 newly decoded in 5.3 min (RTF=0.28)\n"}
,{"stream_name":"stdout","time":3296.588285349,"data":"  WER=0.4590  B-WER=0.5032  U-WER=0.4472  CER=0.3670  WER-L2=0.4172  termF1=0.5943  n=200\n"}
,{"stream_name":"stdout","time":3296.589183307,"data":"  context-echo guard fired on 1 utts (0.5%)\n"}
,{"stream_name":"stdout","time":3296.590173891,"data":"M2 hint-term count chosen on tier1: 20 (lowest B-WER with U-WER \u003c= baseline U-WER)\n"}
,{"stream_name":"stdout","time":3298.393607096,"data":"$ /usr/bin/python3 src/sweeps.py m3a --tier tier1\n"}
,{"stream_name":"stdout","time":3298.761961958,"data":"=== _sweep_M3a_th80 on tier1 (200 utts) ===\n"}
,{"stream_name":"stdout","time":3311.14506695,"data":"Warning: You are sending unauthenticated requests to the HF Hub. Please set a HF_TOKEN to enable higher rate limits and faster downloads.\n"}
,{"stream_name":"stdout","time":3312.097272277,"data":"    ... 34m elapsed | Loading weights:   0%|          | 0/199 [00:00\u003c?, ?it/s]\n"}
,{"stream_name":"stdout","time":3312.234571136,"data":"BertModel LOAD REPORT from: sentence-transformers/paraphrase-multilingual-MiniLM-L12-v2\n"}
,{"stream_name":"stdout","time":3312.235665155,"data":"Key                     | Status     |  |\n"}
,{"stream_name":"stdout","time":3312.236427151,"data":"------------------------+------------+--+-\n"}
,{"stream_name":"stdout","time":3312.237144055,"data":"embeddings.position_ids | UNEXPECTED |  |\n"}
,{"stream_name":"stdout","time":3312.237906291,"data":"Notes:\n"}
,{"stream_name":"stdout","time":3312.238747992,"data":"- UNEXPECTED\t:can be ignored when loading from different task/architecture; not ok if you expect identical arch.\n"}
,{"stream_name":"stdout","time":3318.628226879,"data":"  WER=0.5312  B-WER=0.6823  U-WER=0.4909  CER=0.4441  WER-L2=0.4769  termF1=0.4177  n=200\n"}
,{"stream_name":"stdout","time":3318.629194081,"data":"=== _sweep_M3a_th84 on tier1 (200 utts) ===\n"}
,{"stream_name":"stdout","time":3319.825630515,"data":"BertModel LOAD REPORT from: sentence-transformers/paraphrase-multilingual-MiniLM-L12-v2\n"}
,{"stream_name":"stdout","time":3319.826670448,"data":"Key                     | Status     |  |\n"}
,{"stream_name":"stdout","time":3319.827730917,"data":"------------------------+------------+--+-\n"}
,{"stream_name":"stdout","time":3319.828678483,"data":"embeddings.position_ids | UNEXPECTED |  |\n"}
,{"stream_name":"stdout","time":3319.829527582,"data":"Notes:\n"}
,{"stream_name":"stdout","time":3319.830324906,"data":"- UNEXPECTED\t:can be ignored when loading from different task/architecture; not ok if you expect identical arch.\n"}
,{"stream_name":"stdout","time":3325.830884067,"data":"  WER=0.4926  B-WER=0.6738  U-WER=0.4443  CER=0.4033  WER-L2=0.4383  termF1=0.4560  n=200\n"}
,{"stream_name":"stdout","time":3325.831840614,"data":"=== _sweep_M3a_th88 on tier1 (200 utts) ===\n"}
,{"stream_name":"stdout","time":3327.013698865,"data":"BertModel LOAD REPORT from: sentence-transformers/paraphrase-multilingual-MiniLM-L12-v2\n"}
,{"stream_name":"stdout","time":3327.014782132,"data":"Key                     | Status     |  |\n"}
,{"stream_name":"stdout","time":3327.015664127,"data":"------------------------+------------+--+-\n"}
,{"stream_name":"stdout","time":3327.016418631,"data":"embeddings.position_ids | UNEXPECTED |  |\n"}
,{"stream_name":"stdout","time":3327.0172029,"data":"Notes:\n"}
,{"stream_name":"stdout","time":3327.018054033,"data":"- UNEXPECTED\t:can be ignored when loading from different task/architecture; not ok if you expect identical arch.\n"}
,{"stream_name":"stdout","time":3332.959307175,"data":"  WER=0.4854  B-WER=0.6482  U-WER=0.4420  CER=0.3977  WER-L2=0.4280  termF1=0.4751  n=200\n"}
,{"stream_name":"stdout","time":3332.960319998,"data":"=== _sweep_M3a_th92 on tier1 (200 utts) ===\n"}
,{"stream_name":"stdout","time":3334.193181639,"data":"BertModel LOAD REPORT from: sentence-transformers/paraphrase-multilingual-MiniLM-L12-v2\n"}
,{"stream_name":"stdout","time":3334.194081777,"data":"Key                     | Status     |  |\n"}
,{"stream_name":"stdout","time":3334.195144628,"data":"------------------------+------------+--+-\n"}
,{"stream_name":"stdout","time":3334.196002104,"data":"embeddings.position_ids | UNEXPECTED |  |\n"}
,{"stream_name":"stdout","time":3334.196815765,"data":"Notes:\n"}
,{"stream_name":"stdout","time":3334.197517476,"data":"- UNEXPECTED\t:can be ignored when loading from different task/architecture; not ok if you expect identical arch.\n"}
,{"stream_name":"stdout","time":3340.37451053,"data":"  WER=0.4818  B-WER=0.6567  U-WER=0.4352  CER=0.3938  WER-L2=0.4240  termF1=0.4787  n=200\n"}
,{"stream_name":"stdout","time":3340.375416693,"data":"=== _sweep_M3a_th96 on tier1 (200 utts) ===\n"}
,{"stream_name":"stdout","time":3341.600176955,"data":"BertModel LOAD REPORT from: sentence-transformers/paraphrase-multilingual-MiniLM-L12-v2\n"}
,{"stream_name":"stdout","time":3341.601238783,"data":"Key                     | Status     |  |\n"}
,{"stream_name":"stdout","time":3341.60217825,"data":"------------------------+------------+--+-\n"}
,{"stream_name":"stdout","time":3341.602965317,"data":"embeddings.position_ids | UNEXPECTED |  |\n"}
,{"stream_name":"stdout","time":3341.6037808,"data":"Notes:\n"}
,{"stream_name":"stdout","time":3341.604517518,"data":"- UNEXPECTED\t:can be ignored when loading from different task/architecture; not ok if you expect identical arch.\n"}
,{"stream_name":"stdout","time":3347.78693033,"data":"  WER=0.4814  B-WER=0.6588  U-WER=0.4341  CER=0.3967  WER-L2=0.4217  termF1=0.4796  n=200\n"}
,{"stream_name":"stdout","time":3347.787797081,"data":"M3a threshold chosen on tier1: 96 (lowest B-WER with U-WER \u003c= baseline U-WER)\n"}
,{"stream_name":"stdout","time":3350.694468779,"data":"=== M2 on tier1 (200 utts) ===\n"}
,{"stream_name":"stdout","time":3362.727882265,"data":"Warning: You are sending unauthenticated requests to the HF Hub. Please set a HF_TOKEN to enable higher rate limits and faster downloads.\n"}
,{"stream_name":"stdout","time":3363.69319429,"data":"    ... 35m elapsed | Loading weights:   0%|          | 0/199 [00:00\u003c?, ?it/s]\n"}
,{"stream_name":"stdout","time":3363.832537523,"data":"BertModel LOAD REPORT from: sentence-transformers/paraphrase-multilingual-MiniLM-L12-v2\n"}
,{"stream_name":"stdout","time":3363.833958549,"data":"Key                     | Status     |  |\n"}
,{"stream_name":"stdout","time":3363.834973893,"data":"------------------------+------------+--+-\n"}
,{"stream_name":"stdout","time":3363.83591263,"data":"embeddings.position_ids | UNEXPECTED |  |\n"}
,{"stream_name":"stdout","time":3363.836825651,"data":"Notes:\n"}
,{"stream_name":"stdout","time":3363.837777632,"data":"- UNEXPECTED\t:can be ignored when loading from different task/architecture; not ok if you expect identical arch.\n"}
,{"stream_name":"stdout","time":3371.081494611,"data":"  200 utts, 0 newly decoded in 0.0 min (all cached)\n"}
,{"stream_name":"stdout","time":3371.698565427,"data":"  WER=0.4549  B-WER=0.5245  U-WER=0.4364  CER=0.3660  WER-L2=0.4141  termF1=0.5866  n=200\n"}
,{"stream_name":"stdout","time":3371.699444235,"data":"  context-echo guard fired on 1 utts (0.5%)\n"}
,{"stream_name":"stdout","time":3371.700281304,"data":"$ /usr/bin/python3 src/gating.py --tier tier1 --sweep --mechanism M2\n"}
,{"stream_name":"stdout","time":3372.431524795,"data":"  percentile=0     grounded=  0.0%  WER=0.4814  B-WER=0.6588  U-WER=0.4341  CER=0.3967  WER-L2=0.4217  termF1=0.4796  n=200\n"}
,{"stream_name":"stdout","time":3372.810471259,"data":"  percentile=10    grounded= 10.0%  WER=0.4814  B-WER=0.6567  U-WER=0.4347  CER=0.3965  WER-L2=0.4217  termF1=0.4818  n=200\n"}
,{"stream_name":"stdout","time":3373.190603297,"data":"  percentile=20    grounded= 20.0%  WER=0.4814  B-WER=0.6525  U-WER=0.4358  CER=0.3958  WER-L2=0.4226  termF1=0.4863  n=200\n"}
,{"stream_name":"stdout","time":3373.568575606,"data":"  percentile=30    grounded= 30.0%  WER=0.4863  B-WER=0.6503  U-WER=0.4426  CER=0.3987  WER-L2=0.4293  termF1=0.5011  n=200\n"}
,{"stream_name":"stdout","time":3373.949483988,"data":"  percentile=40    grounded= 40.0%  WER=0.4845  B-WER=0.6503  U-WER=0.4403  CER=0.3968  WER-L2=0.4289  termF1=0.5070  n=200\n"}
,{"stream_name":"stdout","time":3374.324727555,"data":"  percentile=50    grounded= 50.0%  WER=0.4778  B-WER=0.6247  U-WER=0.4386  CER=0.3902  WER-L2=0.4240  termF1=0.5265  n=200\n"}
,{"stream_name":"stdout","time":3374.720712972,"data":"  percentile=60    grounded= 60.0%  WER=0.4755  B-WER=0.6205  U-WER=0.4369  CER=0.3870  WER-L2=0.4253  termF1=0.5273  n=200\n"}
,{"stream_name":"stdout","time":3375.09577675,"data":"  percentile=80    grounded= 80.0%  WER=0.4706  B-WER=0.5757  U-WER=0.4426  CER=0.3836  WER-L2=0.4235  termF1=0.5473  n=200\n"}
,{"stream_name":"stdout","time":3375.462761926,"data":"  percentile=100   grounded=100.0%  WER=0.4549  B-WER=0.5245  U-WER=0.4364  CER=0.3660  WER-L2=0.4141  termF1=0.5866  n=200\n"}
,{"stream_name":"stdout","time":3375.46410343,"data":"Gating 100% of utterances retains 100% of the B-WER gain of grounding all of them\n"}
,{"stream_name":"stdout","time":3375.465105239,"data":"chosen percentile: 100\n"}
,{"stream_name":"stdout","time":3375.490574885,"data":"=== G on tier1 (200 utts) ===\n"}
,{"stream_name":"stdout","time":3375.922804129,"data":"  WER=0.4549  B-WER=0.5245  U-WER=0.4364  CER=0.3660  WER-L2=0.4141  termF1=0.5866  n=200\n"}
,{"stream_name":"stdout","time":3375.923941109,"data":"  context-echo guard fired on 1 utts (0.5%)\n"}
,{"stream_name":"stdout","time":3377.95763642,"data":"  [src/run_matrix.py finished in 35m 58s]\n"}
,{"stream_name":"stdout","time":3378.270265883,"data":"\u003e\u003e\u003e [checkpoint: tune] 2000 decodes cached, 1 MB saved to /kaggle/working\n"}
,{"stream_name":"stdout","time":3378.271239218,"data":"\n"}
,{"stream_name":"stdout","time":3378.271285372,"data":"========================================================================\n"}
,{"stream_name":"stdout","time":3378.271292856,"data":"[04:59:25] CELL 11/13  DONE   — Tier-1 tuning   (35m 58s)\n"}
,{"stream_name":"stdout","time":3378.27129876,"data":"========================================================================\n"}
,{"stream_name":"stdout","time":3378.339267653,"data":"\n"}
,{"stream_name":"stdout","time":3378.339313197,"data":"========================================================================\n"}
,{"stream_name":"stdout","time":3378.339319273,"data":"[04:59:25] CELL 12/13  START  — Tier-2 experiment matrix\n"}
,{"stream_name":"stdout","time":3378.33932439,"data":"========================================================================\n"}
,{"stream_name":"stdout","time":3378.340120995,"data":"$ python src/run_matrix.py matrix --tier tier2\n"}
,{"stream_name":"stdout","time":3378.721868889,"data":"=== B0 on tier2 (800 utts) ===\n"}
,{"stream_name":"stdout","time":3390.122648489,"data":"    ... 0m elapsed | B0:   0%|          | 0/800 [00:00\u003c?, ?utt/s]\n"}
,{"stream_name":"stdout","time":3421.236459711,"data":"    ... 0m elapsed | B0:   2%|▏         | 18/800 [00:31\u003c25:50,  1.98s/utt]\n"}
,{"stream_name":"stdout","time":3451.950777067,"data":"    ... 1m elapsed | B0:   5%|▍         | 38/800 [01:01\u003c21:27,  1.69s/utt]\n"}
,{"stream_name":"stdout","time":3482.597455839,"data":"    ... 1m elapsed | B0:   7%|▋         | 54/800 [01:33\u003c21:35,  1.74s/utt]\n"}
,{"stream_name":"stdout","time":3514.801950908,"data":"    ... 2m elapsed | B0:   9%|▉         | 74/800 [02:04\u003c21:33,  1.78s/utt]\n"}
,{"stream_name":"stdout","time":3545.045944829,"data":"    ... 2m elapsed | B0:  12%|█▏        | 92/800 [02:35\u003c19:31,  1.65s/utt]\n"}
,{"stream_name":"stdout","time":3575.517911318,"data":"    ... 3m elapsed | B0:  14%|█▍        | 116/800 [03:05\u003c15:19,  1.34s/utt]\n"}
,{"stream_name":"stdout","time":3606.798050184,"data":"    ... 3m elapsed | B0:  17%|█▋        | 138/800 [03:36\u003c22:36,  2.05s/utt]\n"}
,{"stream_name":"stdout","time":3638.319836939,"data":"    ... 4m elapsed | B0:  19%|█▉        | 155/800 [04:08\u003c15:40,  1.46s/utt]\n"}
,{"stream_name":"stdout","time":3669.215056169,"data":"    ... 4m elapsed | B0:  22%|██▏       | 176/800 [04:40\u003c13:43,  1.32s/utt]\n"}
,{"stream_name":"stdout","time":3699.378625468,"data":"    ... 5m elapsed | B0:  24%|██▍       | 196/800 [05:10\u003c12:20,  1.23s/utt]\n"}
,{"stream_name":"stdout","time":3729.975599627,"data":"    ... 5m elapsed | B0:  27%|██▋       | 215/800 [05:40\u003c14:19,  1.47s/utt]\n"}
,{"stream_name":"stdout","time":3761.675941289,"data":"    ... 6m elapsed | B0:  29%|██▉       | 234/800 [06:12\u003c20:41,  2.19s/utt]\n"}
,{"stream_name":"stdout","time":3792.387727691,"data":"    ... 6m elapsed | B0:  32%|███▏      | 255/800 [06:42\u003c11:29,  1.27s/utt]\n"}
,{"stream_name":"stdout","time":3823.061457714,"data":"    ... 7m elapsed | B0:  34%|███▍      | 271/800 [07:12\u003c17:02,  1.93s/utt]\n"}
,{"stream_name":"stdout","time":3853.304573475,"data":"    ... 7m elapsed | B0:  36%|███▋      | 291/800 [07:43\u003c14:16,  1.68s/utt]\n"}
,{"stream_name":"stdout","time":3884.254292798,"data":"    ... 8m elapsed | B0:  39%|███▉      | 311/800 [08:14\u003c10:56,  1.34s/utt]\n"}
,{"stream_name":"stdout","time":3916.168041461,"data":"    ... 8m elapsed | B0:  42%|████▏     | 335/800 [08:46\u003c09:16,  1.20s/utt]\n"}
,{"stream_name":"stdout","time":3946.403458385,"data":"    ... 9m elapsed | B0:  44%|████▍     | 356/800 [09:17\u003c09:08,  1.24s/utt]\n"}
,{"stream_name":"stdout","time":3976.802090621,"data":"    ... 9m elapsed | B0:  47%|████▋     | 375/800 [09:47\u003c09:19,  1.32s/utt]\n"}
,{"stream_name":"stdout","time":4007.193757409,"data":"    ... 10m elapsed | B0:  50%|████▉     | 396/800 [10:18\u003c10:04,  1.50s/utt]\n"}
,{"stream_name":"stdout","time":4038.259316632,"data":"    ... 10m elapsed | B0:  52%|█████▎    | 420/800 [10:48\u003c08:48,  1.39s/utt]\n"}
,{"stream_name":"stdout","time":4070.381333745,"data":"    ... 11m elapsed | B0:  55%|█████▍    | 439/800 [11:19\u003c08:16,  1.37s/utt]\n"}
,{"stream_name":"stdout","time":4101.719823902,"data":"    ... 12m elapsed | B0:  58%|█████▊    | 462/800 [11:52\u003c07:46,  1.38s/utt]\n"}
,{"stream_name":"stdout","time":4132.476106478,"data":"    ... 12m elapsed | B0:  61%|██████    | 485/800 [12:23\u003c06:23,  1.22s/utt]\n"}
,{"stream_name":"stdout","time":4163.622125469,"data":"    ... 13m elapsed | B0:  63%|██████▎   | 507/800 [12:54\u003c08:04,  1.65s/utt]\n"}
,{"stream_name":"stdout","time":4193.971264171,"data":"    ... 13m elapsed | B0:  66%|██████▌   | 526/800 [13:24\u003c05:53,  1.29s/utt]\n"}
,{"stream_name":"stdout","time":4224.444092101,"data":"    ... 14m elapsed | B0:  68%|██████▊   | 548/800 [13:55\u003c04:52,  1.16s/utt]\n"}
,{"stream_name":"stdout","time":4255.280826229,"data":"    ... 14m elapsed | B0:  72%|███████▏  | 572/800 [14:26\u003c04:18,  1.13s/utt]\n"}
,{"stream_name":"stdout","time":4285.653320822,"data":"    ... 15m elapsed | B0:  74%|███████▍  | 594/800 [14:57\u003c03:58,  1.16s/utt]\n"}
,{"stream_name":"stdout","time":4315.867807455,"data":"    ... 15m elapsed | B0:  77%|███████▋  | 616/800 [15:26\u003c04:12,  1.37s/utt]\n"}
,{"stream_name":"stdout","time":4346.556961631,"data":"    ... 16m elapsed | B0:  80%|███████▉  | 638/800 [15:58\u003c03:49,  1.42s/utt]\n"}
,{"stream_name":"stdout","time":4377.364603453,"data":"    ... 16m elapsed | B0:  82%|████████▎ | 660/800 [16:27\u003c03:36,  1.55s/utt]\n"}
,{"stream_name":"stdout","time":4407.677078005,"data":"    ... 17m elapsed | B0:  85%|████████▌ | 683/800 [16:58\u003c02:29,  1.28s/utt]\n"}
,{"stream_name":"stdout","time":4438.442660455,"data":"    ... 17m elapsed | B0:  88%|████████▊ | 703/800 [17:29\u003c02:43,  1.68s/utt]\n"}
,{"stream_name":"stdout","time":4468.435687369,"data":"    ... 18m elapsed | B0:  90%|████████▉ | 719/800 [17:55\u003c02:27,  1.82s/utt]\n"}
,{"stream_name":"stdout","time":4498.636331421,"data":"    ... 18m elapsed | B0:  91%|█████████ | 729/800 [18:29\u003c04:09,  3.51s/utt]\n"}
,{"stream_name":"stdout","time":4528.743232646,"data":"    ... 19m elapsed | B0:  94%|█████████▍| 752/800 [18:59\u003c01:01,  1.29s/utt]\n"}
,{"stream_name":"stdout","time":4559.878902199,"data":"    ... 19m elapsed | B0:  96%|█████████▋| 772/800 [19:30\u003c00:43,  1.54s/utt]\n"}
,{"stream_name":"stdout","time":4590.53601256,"data":"    ... 20m elapsed | B0:  99%|█████████▉| 795/800 [20:02\u003c00:06,  1.39s/utt]\n"}
,{"stream_name":"stdout","time":4598.445008493,"data":"  800 utts, 800 newly decoded in 20.2 min (RTF=0.25)\n"}
,{"stream_name":"stdout","time":4600.393639199,"data":"  WER=0.4562  B-WER=0.6184  U-WER=0.4122  CER=0.3724  WER-L2=0.3922  termF1=0.4983  n=800\n"}
,{"stream_name":"stdout","time":4600.394640219,"data":"=== C1 on tier2 (800 utts) ===\n"}
,{"stream_name":"stdout","time":4620.524682694,"data":"    ... 20m elapsed | C1:   1%|          | 9/800 [00:16\u003c20:56,  1.59s/utt]\n"}
,{"stream_name":"stdout","time":4651.961847274,"data":"    ... 21m elapsed | C1:   3%|▎         | 27/800 [00:47\u003c20:41,  1.61s/utt]\n"}
,{"stream_name":"stdout","time":4683.670192795,"data":"    ... 21m elapsed | C1:   6%|▌         | 45/800 [01:16\u003c20:08,  1.60s/utt]\n"}
,{"stream_name":"stdout","time":4715.156651779,"data":"    ... 22m elapsed | C1:   8%|▊         | 63/800 [01:49\u003c18:32,  1.51s/utt]\n"}
,{"stream_name":"stdout","time":4745.142633591,"data":"    ... 22m elapsed | C1:  10%|█         | 80/800 [02:20\u003c21:22,  1.78s/utt]\n"}
,{"stream_name":"stdout","time":4775.988136365,"data":"    ... 23m elapsed | C1:  12%|█▎        | 100/800 [02:51\u003c16:56,  1.45s/utt]\n"}
,{"stream_name":"stdout","time":4806.635979537,"data":"    ... 23m elapsed | C1:  15%|█▌        | 122/800 [03:21\u003c13:22,  1.18s/utt]\n"}
,{"stream_name":"stdout","time":4839.030527916,"data":"    ... 24m elapsed | C1:  18%|█▊        | 141/800 [03:52\u003c23:06,  2.10s/utt]\n"}
,{"stream_name":"stdout","time":4870.627381078,"data":"    ... 24m elapsed | C1:  20%|█▉        | 158/800 [04:25\u003c17:38,  1.65s/utt]\n"}
,{"stream_name":"stdout","time":4901.056008204,"data":"    ... 25m elapsed | C1:  22%|██▏       | 179/800 [04:55\u003c15:15,  1.47s/utt]\n"}
,{"stream_name":"stdout","time":4932.218639164,"data":"    ... 25m elapsed | C1:  25%|██▍       | 199/800 [05:27\u003c14:38,  1.46s/utt]\n"}
,{"stream_name":"stdout","time":4962.289837245,"data":"    ... 26m elapsed | C1:  28%|██▊       | 220/800 [05:57\u003c12:56,  1.34s/utt]\n"}
,{"stream_name":"stdout","time":4992.590478936,"data":"    ... 26m elapsed | C1:  30%|██▉       | 236/800 [06:27\u003c23:53,  2.54s/utt]\n"}
,{"stream_name":"stdout","time":5025.260435551,"data":"    ... 27m elapsed | C1:  32%|███▏      | 257/800 [06:59\u003c13:57,  1.54s/utt]\n"}
,{"stream_name":"stdout","time":5056.571002876,"data":"    ... 27m elapsed | C1:  34%|███▍      | 275/800 [07:31\u003c12:58,  1.48s/utt]\n"}
,{"stream_name":"stdout","time":5087.859405711,"data":"    ... 28m elapsed | C1:  37%|███▋      | 295/800 [08:03\u003c13:15,  1.57s/utt]\n"}
,{"stream_name":"stdout","time":5120.087849869,"data":"    ... 29m elapsed | C1:  40%|███▉      | 316/800 [08:34\u003c10:37,  1.32s/utt]\n"}
,{"stream_name":"stdout","time":5150.731206382,"data":"    ... 29m elapsed | C1:  42%|████▎     | 340/800 [09:05\u003c09:42,  1.27s/utt]\n"}
,{"stream_name":"stdout","time":5181.237686941,"data":"    ... 30m elapsed | C1:  45%|████▍     | 358/800 [09:35\u003c12:57,  1.76s/utt]\n"}
,{"stream_name":"stdout","time":5212.596233377,"data":"    ... 30m elapsed | C1:  47%|████▋     | 378/800 [10:07\u003c09:01,  1.28s/utt]\n"}
,{"stream_name":"stdout","time":5242.885315026,"data":"    ... 31m elapsed | C1:  50%|█████     | 402/800 [10:38\u003c07:07,  1.07s/utt]\n"}
,{"stream_name":"stdout","time":5273.235056008,"data":"    ... 31m elapsed | C1:  53%|█████▎    | 423/800 [11:08\u003c09:53,  1.58s/utt]\n"}
,{"stream_name":"stdout","time":5304.118875795,"data":"    ... 32m elapsed | C1:  55%|█████▌    | 442/800 [11:39\u003c08:38,  1.45s/utt]\n"}
,{"stream_name":"stdout","time":5335.078672463,"data":"    ... 32m elapsed | C1:  58%|█████▊    | 465/800 [12:10\u003c08:21,  1.50s/utt]\n"}
,{"stream_name":"stdout","time":5365.866341569,"data":"    ... 33m elapsed | C1:  61%|██████    | 487/800 [12:40\u003c06:12,  1.19s/utt]\n"}
,{"stream_name":"stdout","time":5397.013474848,"data":"    ... 33m elapsed | C1:  64%|██████▎   | 509/800 [13:12\u003c07:38,  1.58s/utt]\n"}
,{"stream_name":"stdout","time":5428.44419018,"data":"    ... 34m elapsed | C1:  66%|██████▌   | 528/800 [13:43\u003c07:21,  1.62s/utt]\n"}
,{"stream_name":"stdout","time":5458.756248297,"data":"    ... 34m elapsed | C1:  69%|██████▉   | 550/800 [14:14\u003c05:15,  1.26s/utt]\n"}
,{"stream_name":"stdout","time":5489.046580238,"data":"    ... 35m elapsed | C1:  72%|███████▏  | 572/800 [14:44\u003c03:54,  1.03s/utt]\n"}
,{"stream_name":"stdout","time":5519.416869622,"data":"    ... 35m elapsed | C1:  74%|███████▍  | 595/800 [15:15\u003c03:47,  1.11s/utt]\n"}
,{"stream_name":"stdout","time":5550.36568747,"data":"    ... 36m elapsed | C1:  77%|███████▋  | 617/800 [15:46\u003c04:30,  1.48s/utt]\n"}
,{"stream_name":"stdout","time":5581.385615951,"data":"    ... 36m elapsed | C1:  80%|███████▉  | 639/800 [16:17\u003c03:30,  1.31s/utt]\n"}
,{"stream_name":"stdout","time":5612.160416298,"data":"    ... 37m elapsed | C1:  83%|████████▎ | 663/800 [16:47\u003c03:01,  1.32s/utt]\n"}
,{"stream_name":"stdout","time":5642.142669667,"data":"    ... 37m elapsed | C1:  86%|████████▌ | 684/800 [17:17\u003c02:59,  1.55s/utt]\n"}
,{"stream_name":"stdout","time":5672.924402683,"data":"    ... 38m elapsed | C1:  88%|████████▊ | 703/800 [17:48\u003c02:38,  1.64s/utt]\n"}
,{"stream_name":"stdout","time":5703.503847264,"data":"    ... 38m elapsed | C1:  90%|████████▉ | 719/800 [18:14\u003c02:28,  1.84s/utt]\n"}
,{"stream_name":"stdout","time":5733.990305501,"data":"    ... 39m elapsed | C1:  91%|█████████ | 729/800 [18:48\u003c04:04,  3.44s/utt]\n"}
,{"stream_name":"stdout","time":5765.279471702,"data":"    ... 39m elapsed | C1:  94%|█████████▍| 752/800 [19:20\u003c01:07,  1.42s/utt]\n"}
,{"stream_name":"stdout","time":5795.771167991,"data":"    ... 40m elapsed | C1:  96%|█████████▋| 770/800 [19:50\u003c00:48,  1.63s/utt]\n"}
,{"stream_name":"stdout","time":5826.004596071,"data":"    ... 40m elapsed | C1:  99%|█████████▉| 792/800 [20:21\u003c00:10,  1.28s/utt]\n"}
,{"stream_name":"stdout","time":5837.890680968,"data":"  800 utts, 800 newly decoded in 20.6 min (RTF=0.26)\n"}
,{"stream_name":"stdout","time":5839.782980023,"data":"  WER=0.3956  B-WER=0.4087  U-WER=0.3920  CER=0.3123  WER-L2=0.3533  termF1=0.6414  n=800\n"}
,{"stream_name":"stdout","time":5839.783975732,"data":"  context-echo guard fired on 19 utts (2.4%)\n"}
,{"stream_name":"stdout","time":5839.784861677,"data":"=== C2 on tier2 (800 utts) ===\n"}
,{"stream_name":"stdout","time":5857.814622964,"data":"    ... 41m elapsed | C2:   0%|          | 4/800 [00:12\u003c41:11,  3.11s/utt]\n"}
,{"stream_name":"stdout","time":5888.556424121,"data":"    ... 41m elapsed | C2:   2%|▏         | 18/800 [00:43\u003c30:54,  2.37s/utt]\n"}
,{"stream_name":"stdout","time":5918.943394628,"data":"    ... 42m elapsed | C2:   4%|▍         | 35/800 [01:15\u003c33:21,  2.62s/utt]\n"}
,{"stream_name":"stdout","time":5951.263400199,"data":"    ... 42m elapsed | C2:   5%|▌         | 42/800 [01:45\u003c1:04:41,  5.12s/utt]\n"}
,{"stream_name":"stdout","time":5981.530567912,"data":"    ... 43m elapsed | C2:   6%|▋         | 50/800 [02:17\u003c49:20,  3.95s/utt]\n"}
,{"stream_name":"stdout","time":6016.761264446,"data":"    ... 43m elapsed | C2:   8%|▊         | 66/800 [02:47\u003c32:53,  2.69s/utt]\n"}
,{"stream_name":"stdout","time":6047.555237588,"data":"    ... 44m elapsed | C2:  10%|█         | 84/800 [03:22\u003c18:20,  1.54s/utt]\n"}
,{"stream_name":"stdout","time":6079.247437286,"data":"    ... 45m elapsed | C2:  12%|█▏        | 98/800 [03:50\u003c15:00,  1.28s/utt]\n"}
,{"stream_name":"stdout","time":6109.949347568,"data":"    ... 45m elapsed | C2:  14%|█▍        | 112/800 [04:21\u003c15:14,  1.33s/utt]\n"}
,{"stream_name":"stdout","time":6144.739338147,"data":"    ... 46m elapsed | C2:  16%|█▌        | 126/800 [04:55\u003c36:37,  3.26s/utt]\n"}
,{"stream_name":"stdout","time":6176.682654334,"data":"    ... 46m elapsed | C2:  18%|█▊        | 140/800 [05:31\u003c34:17,  3.12s/utt]\n"}
,{"stream_name":"stdout","time":6207.453303456,"data":"    ... 47m elapsed | C2:  19%|█▉        | 153/800 [06:03\u003c20:15,  1.88s/utt]\n"}
,{"stream_name":"stdout","time":6237.862445042,"data":"    ... 47m elapsed | C2:  21%|██▏       | 170/800 [06:34\u003c19:18,  1.84s/utt]\n"}
,{"stream_name":"stdout","time":6269.062196666,"data":"    ... 48m elapsed | C2:  23%|██▎       | 187/800 [07:04\u003c16:43,  1.64s/utt]\n"}
,{"stream_name":"stdout","time":6299.903164607,"data":"    ... 48m elapsed | C2:  26%|██▌       | 205/800 [07:36\u003c18:32,  1.87s/utt]\n"}
,{"stream_name":"stdout","time":6329.986081792,"data":"    ... 49m elapsed | C2:  28%|██▊       | 220/800 [08:05\u003c19:56,  2.06s/utt]\n"}
,{"stream_name":"stdout","time":6361.294992098,"data":"    ... 49m elapsed | C2:  29%|██▉       | 235/800 [08:33\u003c19:25,  2.06s/utt]\n"}
,{"stream_name":"stdout","time":6392.663036236,"data":"    ... 50m elapsed | C2:  32%|███▏      | 254/800 [09:08\u003c12:37,  1.39s/utt]\n"}
,{"stream_name":"stdout","time":6422.618687596,"data":"    ... 50m elapsed | C2:  34%|███▎      | 268/800 [09:38\u003c19:52,  2.24s/utt]\n"}
,{"stream_name":"stdout","time":6453.798964601,"data":"    ... 51m elapsed | C2:  36%|███▌      | 284/800 [10:08\u003c14:32,  1.69s/utt]\n"}
,{"stream_name":"stdout","time":6484.648750246,"data":"    ... 51m elapsed | C2:  37%|███▋      | 299/800 [10:40\u003c14:35,  1.75s/utt]\n"}
,{"stream_name":"stdout","time":6515.06053962,"data":"    ... 52m elapsed | C2:  40%|███▉      | 319/800 [11:10\u003c10:19,  1.29s/utt]\n"}
,{"stream_name":"stdout","time":6545.716449708,"data":"    ... 52m elapsed | C2:  43%|████▎     | 345/800 [11:40\u003c11:13,  1.48s/utt]\n"}
,{"stream_name":"stdout","time":6578.566255618,"data":"    ... 53m elapsed | C2:  45%|████▌     | 363/800 [12:12\u003c13:03,  1.79s/utt]\n"}
,{"stream_name":"stdout","time":6609.185231869,"data":"    ... 53m elapsed | C2:  48%|████▊     | 386/800 [12:45\u003c06:57,  1.01s/utt]\n"}
,{"stream_name":"stdout","time":6639.485261698,"data":"    ... 54m elapsed | C2:  51%|█████     | 409/800 [13:16\u003c09:31,  1.46s/utt]\n"}
,{"stream_name":"stdout","time":6669.625215495,"data":"    ... 54m elapsed | C2:  53%|█████▎    | 425/800 [13:44\u003c10:57,  1.75s/utt]\n"}
,{"stream_name":"stdout","time":6699.953392425,"data":"    ... 55m elapsed | C2:  55%|█████▍    | 438/800 [14:15\u003c12:08,  2.01s/utt]\n"}
,{"stream_name":"stdout","time":6730.167123042,"data":"    ... 55m elapsed | C2:  58%|█████▊    | 461/800 [14:46\u003c07:40,  1.36s/utt]\n"}
,{"stream_name":"stdout","time":6764.461935607,"data":"    ... 56m elapsed | C2:  60%|██████    | 481/800 [15:17\u003c08:16,  1.56s/utt]\n"}
,{"stream_name":"stdout","time":6796.779252579,"data":"    ... 56m elapsed | C2:  62%|██████▎   | 500/800 [15:51\u003c09:00,  1.80s/utt]\n"}
,{"stream_name":"stdout","time":6827.6296642,"data":"    ... 57m elapsed | C2:  64%|██████▍   | 516/800 [16:21\u003c09:41,  2.05s/utt]\n"}
,{"stream_name":"stdout","time":6858.863795978,"data":"    ... 58m elapsed | C2:  67%|██████▋   | 534/800 [16:53\u003c07:33,  1.71s/utt]\n"}
,{"stream_name":"stdout","time":6890.989342951,"data":"    ... 58m elapsed | C2:  70%|██████▉   | 557/800 [17:25\u003c06:38,  1.64s/utt]\n"}
,{"stream_name":"stdout","time":6922.764766158,"data":"    ... 59m elapsed | C2:  73%|███████▎  | 582/800 [17:57\u003c04:08,  1.14s/utt]\n"}
,{"stream_name":"stdout","time":6954.188069651,"data":"    ... 59m elapsed | C2:  75%|███████▌  | 601/800 [18:29\u003c06:20,  1.91s/utt]\n"}
,{"stream_name":"stdout","time":6984.582212108,"data":"    ... 60m elapsed | C2:  77%|███████▋  | 617/800 [19:00\u003c05:29,  1.80s/utt]\n"}
,{"stream_name":"stdout","time":7014.730308962,"data":"    ... 60m elapsed | C2:  79%|███████▉  | 635/800 [19:30\u003c05:38,  2.05s/utt]\n"}
,{"stream_name":"stdout","time":7046.886934374,"data":"    ... 61m elapsed | C2:  82%|████████▏ | 656/800 [20:01\u003c03:49,  1.60s/utt]\n"}
,{"stream_name":"stdout","time":7077.048706865,"data":"    ... 61m elapsed | C2:  84%|████████▍ | 673/800 [20:33\u003c04:19,  2.04s/utt]\n"}
,{"stream_name":"stdout","time":7108.341269075,"data":"    ... 62m elapsed | C2:  86%|████████▌ | 688/800 [21:03\u003c04:41,  2.51s/utt]\n"}
,{"stream_name":"stdout","time":7139.584358465,"data":"    ... 62m elapsed | C2:  88%|████████▊ | 703/800 [21:35\u003c03:43,  2.30s/utt]\n"}
,{"stream_name":"stdout","time":7170.815839676,"data":"    ... 63m elapsed | C2:  90%|████████▉ | 716/800 [22:05\u003c04:11,  2.99s/utt]\n"}
,{"stream_name":"stdout","time":7201.442701988,"data":"    ... 63m elapsed | C2:  90%|█████████ | 724/800 [22:35\u003c04:36,  3.64s/utt]\n"}
,{"stream_name":"stdout","time":7232.62857312,"data":"    ... 64m elapsed | C2:  92%|█████████▏| 736/800 [23:08\u003c01:53,  1.78s/utt]\n"}
,{"stream_name":"stdout","time":7262.902503666,"data":"    ... 64m elapsed | C2:  94%|█████████▍| 756/800 [23:38\u003c01:15,  1.71s/utt]\n"}
,{"stream_name":"stdout","time":7293.920907805,"data":"    ... 65m elapsed | C2:  96%|█████████▋| 770/800 [24:09\u003c00:55,  1.86s/utt]\n"}
,{"stream_name":"stdout","time":7324.339165852,"data":"    ... 65m elapsed | C2:  98%|█████████▊| 787/800 [24:39\u003c00:20,  1.59s/utt]\n"}
,{"stream_name":"stdout","time":7347.985397838,"data":"  800 utts, 800 newly decoded in 25.1 min (RTF=0.32)\n"}
,{"stream_name":"stdout","time":7350.114694247,"data":"  WER=0.6966  B-WER=0.8065  U-WER=0.6668  CER=0.6328  WER-L2=0.6501  termF1=0.4981  n=800\n"}
,{"stream_name":"stdout","time":7350.115938648,"data":"  context-echo guard fired on 17 utts (2.1%)\n"}
,{"stream_name":"stdout","time":7350.116975957,"data":"=== C3 on tier2 (800 utts) ===\n"}
,{"stream_name":"stdout","time":7354.398967173,"data":"    ... 66m elapsed | C3:   0%|          | 0/800 [00:00\u003c?, ?utt/s]\n"}
,{"stream_name":"stdout","time":7384.842297384,"data":"    ... 66m elapsed | C3:   3%|▎         | 21/800 [00:30\u003c20:53,  1.61s/utt]\n"}
,{"stream_name":"stdout","time":7417.596908506,"data":"    ... 67m elapsed | C3:   5%|▍         | 37/800 [00:59\u003c25:54,  2.04s/utt]\n"}
,{"stream_name":"stdout","time":7448.794946294,"data":"    ... 67m elapsed | C3:   6%|▌         | 48/800 [01:33\u003c51:18,  4.09s/utt]\n"}
,{"stream_name":"stdout","time":7480.567637246,"data":"    ... 68m elapsed | C3:   8%|▊         | 66/800 [02:03\u003c27:25,  2.24s/utt]\n"}
,{"stream_name":"stdout","time":7510.81398424,"data":"    ... 68m elapsed | C3:  10%|█         | 83/800 [02:36\u003c21:46,  1.82s/utt]\n"}
,{"stream_name":"stdout","time":7540.909001543,"data":"    ... 69m elapsed | C3:  13%|█▎        | 101/800 [03:05\u003c23:08,  1.99s/utt]\n"}
,{"stream_name":"stdout","time":7571.123252427,"data":"    ... 69m elapsed | C3:  14%|█▍        | 116/800 [03:35\u003c26:23,  2.31s/utt]\n"}
,{"stream_name":"stdout","time":7605.043799497,"data":"    ... 70m elapsed | C3:  16%|█▌        | 129/800 [04:06\u003c28:44,  2.57s/utt]\n"}
,{"stream_name":"stdout","time":7635.34132567,"data":"    ... 70m elapsed | C3:  21%|██▏       | 170/800 [04:41\u003c17:40,  1.68s/utt]\n"}
,{"stream_name":"stdout","time":7666.563352361,"data":"    ... 71m elapsed | C3:  24%|██▍       | 190/800 [05:10\u003c15:40,  1.54s/utt]\n"}
,{"stream_name":"stdout","time":7697.437645431,"data":"    ... 71m elapsed | C3:  26%|██▋       | 210/800 [05:43\u003c16:56,  1.72s/utt]\n"}
,{"stream_name":"stdout","time":7727.396611992,"data":"    ... 72m elapsed | C3:  28%|██▊       | 226/800 [06:13\u003c16:15,  1.70s/utt]\n"}
,{"stream_name":"stdout","time":7759.862798187,"data":"    ... 73m elapsed | C3:  30%|███       | 241/800 [06:43\u003c15:26,  1.66s/utt]\n"}
,{"stream_name":"stdout","time":7790.622132674,"data":"    ... 73m elapsed | C3:  32%|███▏      | 259/800 [07:16\u003c14:37,  1.62s/utt]\n"}
,{"stream_name":"stdout","time":7822.515788293,"data":"    ... 74m elapsed | C3:  35%|███▍      | 277/800 [07:47\u003c13:44,  1.58s/utt]\n"}
,{"stream_name":"stdout","time":7853.531494903,"data":"    ... 74m elapsed | C3:  37%|███▋      | 295/800 [08:19\u003c14:00,  1.66s/utt]\n"}
,{"stream_name":"stdout","time":7884.360893955,"data":"    ... 75m elapsed | C3:  39%|███▉      | 313/800 [08:49\u003c12:53,  1.59s/utt]\n"}
,{"stream_name":"stdout","time":7916.652042594,"data":"    ... 75m elapsed | C3:  42%|████▏     | 335/800 [09:21\u003c11:01,  1.42s/utt]\n"}
,{"stream_name":"stdout","time":7947.242832591,"data":"    ... 76m elapsed | C3:  44%|████▍     | 353/800 [09:52\u003c13:14,  1.78s/utt]\n"}
,{"stream_name":"stdout","time":7977.717130642,"data":"    ... 76m elapsed | C3:  46%|████▋     | 370/800 [10:23\u003c13:24,  1.87s/utt]\n"}
,{"stream_name":"stdout","time":8009.371320635,"data":"    ... 77m elapsed | C3:  48%|████▊     | 387/800 [10:54\u003c14:18,  2.08s/utt]\n"}
,{"stream_name":"stdout","time":8040.445693527,"data":"    ... 77m elapsed | C3:  51%|█████     | 405/800 [11:25\u003c08:09,  1.24s/utt]\n"}
,{"stream_name":"stdout","time":8071.198640883,"data":"    ... 78m elapsed | C3:  53%|█████▎    | 421/800 [11:56\u003c11:42,  1.85s/utt]\n"}
,{"stream_name":"stdout","time":8103.52791813,"data":"    ... 78m elapsed | C3:  54%|█████▍    | 435/800 [12:27\u003c11:36,  1.91s/utt]\n"}
,{"stream_name":"stdout","time":8134.283519093,"data":"    ... 79m elapsed | C3:  57%|█████▋    | 453/800 [12:59\u003c08:55,  1.54s/utt]\n"}
,{"stream_name":"stdout","time":8165.130758157,"data":"    ... 79m elapsed | C3:  59%|█████▉    | 470/800 [13:30\u003c10:10,  1.85s/utt]\n"}
,{"stream_name":"stdout","time":8196.962865233,"data":"    ... 80m elapsed | C3:  61%|██████    | 487/800 [14:01\u003c08:53,  1.70s/utt]\n"}
,{"stream_name":"stdout","time":8229.90337549,"data":"    ... 80m elapsed | C3:  64%|██████▍   | 512/800 [14:32\u003c07:21,  1.53s/utt]\n"}
,{"stream_name":"stdout","time":8261.479888273,"data":"    ... 81m elapsed | C3:  66%|██████▋   | 530/800 [15:06\u003c06:54,  1.54s/utt]\n"}
,{"stream_name":"stdout","time":8293.106665109,"data":"    ... 81m elapsed | C3:  69%|██████▊   | 549/800 [15:37\u003c05:11,  1.24s/utt]\n"}
,{"stream_name":"stdout","time":8324.164675717,"data":"    ... 82m elapsed | C3:  71%|███████   | 565/800 [16:09\u003c05:53,  1.50s/utt]\n"}
,{"stream_name":"stdout","time":8355.528670444,"data":"    ... 82m elapsed | C3:  80%|████████  | 642/800 [16:40\u003c00:38,  4.08utt/s]\n"}
,{"stream_name":"stdout","time":8386.837046238,"data":"    ... 83m elapsed | C3:  82%|████████▏ | 659/800 [17:12\u003c04:57,  2.11s/utt]\n"}
,{"stream_name":"stdout","time":8417.817663783,"data":"    ... 83m elapsed | C3:  85%|████████▍ | 677/800 [17:43\u003c03:02,  1.48s/utt]\n"}
,{"stream_name":"stdout","time":8448.617829102,"data":"    ... 84m elapsed | C3:  87%|████████▋ | 697/800 [18:14\u003c02:44,  1.60s/utt]\n"}
,{"stream_name":"stdout","time":8482.726859207,"data":"    ... 85m elapsed | C3:  90%|████████▉ | 719/800 [18:43\u003c02:27,  1.82s/utt]\n"}
,{"stream_name":"stdout","time":8514.192008894,"data":"    ... 85m elapsed | C3:  91%|█████████ | 728/800 [19:18\u003c05:23,  4.50s/utt]\n"}
,{"stream_name":"stdout","time":8546.343107921,"data":"    ... 86m elapsed | C3:  96%|█████████▌| 767/800 [19:50\u003c01:26,  2.63s/utt]\n"}
,{"stream_name":"stdout","time":8576.970639362,"data":"    ... 86m elapsed | C3:  98%|█████████▊| 784/800 [20:22\u003c00:31,  1.95s/utt]\n"}
,{"stream_name":"stdout","time":8607.624605103,"data":"    ... 87m elapsed | C3: 100%|█████████▉| 798/800 [20:52\u003c00:04,  2.32s/utt]\n"}
,{"stream_name":"stdout","time":8611.034656744,"data":"  800 utts, 699 newly decoded in 21.0 min (RTF=0.30)\n"}
,{"stream_name":"stdout","time":8613.194890581,"data":"  WER=0.6911  B-WER=0.7189  U-WER=0.6835  CER=0.6017  WER-L2=0.6480  termF1=0.5363  n=800\n"}
,{"stream_name":"stdout","time":8613.195788551,"data":"  context-echo guard fired on 13 utts (1.6%)\n"}
,{"stream_name":"stdout","time":8613.19651284,"data":"=== M1 on tier2 (800 utts) ===\n"}
,{"stream_name":"stdout","time":8619.276222846,"data":"Warning: You are sending unauthenticated requests to the HF Hub. Please set a HF_TOKEN to enable higher rate limits and faster downloads.\n"}
,{"stream_name":"stdout","time":8620.367201435,"data":"BertModel LOAD REPORT from: sentence-transformers/paraphrase-multilingual-MiniLM-L12-v2\n"}
,{"stream_name":"stdout","time":8620.368264451,"data":"Key                     | Status     |  |\n"}
,{"stream_name":"stdout","time":8620.369273813,"data":"------------------------+------------+--+-\n"}
,{"stream_name":"stdout","time":8620.370152927,"data":"embeddings.position_ids | UNEXPECTED |  |\n"}
,{"stream_name":"stdout","time":8620.371038294,"data":"Notes:\n"}
,{"stream_name":"stdout","time":8620.371883914,"data":"- UNEXPECTED\t:can be ignored when loading from different task/architecture; not ok if you expect identical arch.\n"}
,{"stream_name":"stdout","time":8638.990135517,"data":"    ... 87m elapsed | M1:   0%|          | 4/800 [00:08\u003c27:13,  2.05s/utt]\n"}
,{"stream_name":"stdout","time":8669.679378331,"data":"    ... 88m elapsed | M1:   2%|▏         | 17/800 [00:38\u003c27:25,  2.10s/utt]\n"}
,{"stream_name":"stdout","time":8699.776738309,"data":"    ... 88m elapsed | M1:   4%|▍         | 33/800 [01:10\u003c31:26,  2.46s/utt]\n"}
,{"stream_name":"stdout","time":8731.015634844,"data":"    ... 89m elapsed | M1:   6%|▌         | 47/800 [01:40\u003c27:33,  2.20s/utt]\n"}
,{"stream_name":"stdout","time":8761.232176535,"data":"    ... 89m elapsed | M1:  10%|█         | 82/800 [02:12\u003c19:53,  1.66s/utt]\n"}
,{"stream_name":"stdout","time":8793.221221917,"data":"    ... 90m elapsed | M1:  12%|█▏        | 99/800 [02:43\u003c15:34,  1.33s/utt]\n"}
,{"stream_name":"stdout","time":8824.378208077,"data":"    ... 90m elapsed | M1:  15%|█▍        | 118/800 [03:15\u003c19:29,  1.72s/utt]\n"}
,{"stream_name":"stdout","time":8855.10721574,"data":"    ... 91m elapsed | M1:  17%|█▋        | 135/800 [03:44\u003c15:41,  1.42s/utt]\n"}
,{"stream_name":"stdout","time":8887.303651474,"data":"    ... 91m elapsed | M1:  18%|█▊        | 145/800 [04:17\u003c33:58,  3.11s/utt]\n"}
,{"stream_name":"stdout","time":8918.880352017,"data":"    ... 92m elapsed | M1:  20%|█▉        | 159/800 [04:49\u003c26:13,  2.45s/utt]\n"}
,{"stream_name":"stdout","time":8951.131439961,"data":"    ... 92m elapsed | M1:  22%|██▏       | 177/800 [05:21\u003c15:47,  1.52s/utt]\n"}
,{"stream_name":"stdout","time":8982.155393601,"data":"    ... 93m elapsed | M1:  24%|██▍       | 192/800 [05:53\u003c20:49,  2.05s/utt]\n"}
,{"stream_name":"stdout","time":9012.324161207,"data":"    ... 93m elapsed | M1:  26%|██▌       | 209/800 [06:22\u003c17:03,  1.73s/utt]\n"}
,{"stream_name":"stdout","time":9042.935100045,"data":"    ... 94m elapsed | M1:  28%|██▊       | 227/800 [06:52\u003c12:24,  1.30s/utt]\n"}
,{"stream_name":"stdout","time":9073.439700295,"data":"    ... 94m elapsed | M1:  30%|███       | 241/800 [07:22\u003c16:05,  1.73s/utt]\n"}
,{"stream_name":"stdout","time":9104.427034174,"data":"    ... 95m elapsed | M1:  32%|███▏      | 254/800 [07:54\u003c14:10,  1.56s/utt]\n"}
,{"stream_name":"stdout","time":9135.930011192,"data":"    ... 95m elapsed | M1:  33%|███▎      | 266/800 [08:26\u003c26:46,  3.01s/utt]\n"}
,{"stream_name":"stdout","time":9168.868612967,"data":"    ... 96m elapsed | M1:  35%|███▌      | 282/800 [08:57\u003c16:46,  1.94s/utt]\n"}
,{"stream_name":"stdout","time":9199.790006715,"data":"    ... 97m elapsed | M1:  37%|███▋      | 299/800 [09:30\u003c15:35,  1.87s/utt]\n"}
,{"stream_name":"stdout","time":9230.159411858,"data":"    ... 97m elapsed | M1:  40%|███▉      | 317/800 [10:01\u003c15:40,  1.95s/utt]\n"}
,{"stream_name":"stdout","time":9260.565359738,"data":"    ... 98m elapsed | M1:  42%|████▏     | 337/800 [10:31\u003c12:56,  1.68s/utt]\n"}
,{"stream_name":"stdout","time":9291.174876348,"data":"    ... 98m elapsed | M1:  44%|████▍     | 354/800 [11:02\u003c13:36,  1.83s/utt]\n"}
,{"stream_name":"stdout","time":9322.210685941,"data":"    ... 99m elapsed | M1:  46%|████▋     | 370/800 [11:33\u003c14:47,  2.06s/utt]\n"}
,{"stream_name":"stdout","time":9357.978904083,"data":"    ... 99m elapsed | M1:  53%|█████▎    | 427/800 [12:04\u003c11:24,  1.83s/utt]\n"}
,{"stream_name":"stdout","time":9389.166736197,"data":"    ... 100m elapsed | M1:  55%|█████▌    | 443/800 [12:39\u003c11:59,  2.02s/utt]\n"}
,{"stream_name":"stdout","time":9419.4565,"data":"    ... 100m elapsed | M1:  58%|█████▊    | 461/800 [13:10\u003c11:34,  2.05s/utt]\n"}
,{"stream_name":"stdout","time":9449.623343297,"data":"    ... 101m elapsed | M1:  60%|█████▉    | 479/800 [13:39\u003c08:59,  1.68s/utt]\n"}
,{"stream_name":"stdout","time":9482.944843583,"data":"    ... 101m elapsed | M1:  62%|██████▎   | 500/800 [14:11\u003c07:12,  1.44s/utt]\n"}
,{"stream_name":"stdout","time":9515.163310495,"data":"    ... 102m elapsed | M1:  65%|██████▍   | 517/800 [14:44\u003c11:11,  2.37s/utt]\n"}
,{"stream_name":"stdout","time":9550.962419725,"data":"    ... 102m elapsed | M1:  66%|██████▋   | 532/800 [15:16\u003c09:10,  2.05s/utt]\n"}
,{"stream_name":"stdout","time":9581.184592649,"data":"    ... 103m elapsed | M1:  69%|██████▊   | 549/800 [15:51\u003c05:48,  1.39s/utt]\n"}
,{"stream_name":"stdout","time":9612.468960393,"data":"    ... 103m elapsed | M1:  71%|███████   | 568/800 [16:23\u003c06:13,  1.61s/utt]\n"}
,{"stream_name":"stdout","time":9643.519278184,"data":"    ... 104m elapsed | M1:  73%|███████▎  | 586/800 [16:53\u003c05:41,  1.60s/utt]\n"}
,{"stream_name":"stdout","time":9674.313352402,"data":"    ... 104m elapsed | M1:  75%|███████▌  | 603/800 [17:24\u003c05:57,  1.81s/utt]\n"}
,{"stream_name":"stdout","time":9704.886129309,"data":"    ... 105m elapsed | M1:  77%|███████▋  | 617/800 [17:55\u003c06:53,  2.26s/utt]\n"}
,{"stream_name":"stdout","time":9736.291087942,"data":"    ... 105m elapsed | M1:  79%|███████▉  | 635/800 [18:27\u003c06:03,  2.21s/utt]\n"}
,{"stream_name":"stdout","time":9767.727142241,"data":"    ... 106m elapsed | M1:  82%|████████▏ | 655/800 [18:58\u003c03:49,  1.58s/utt]\n"}
,{"stream_name":"stdout","time":9799.790264105,"data":"    ... 107m elapsed | M1:  84%|████████▍ | 671/800 [19:29\u003c03:57,  1.84s/utt]\n"}
,{"stream_name":"stdout","time":9829.892006748,"data":"    ... 107m elapsed | M1:  86%|████████▌ | 686/800 [19:55\u003c03:20,  1.76s/utt]\n"}
,{"stream_name":"stdout","time":9862.209463727,"data":"    ... 108m elapsed | M1:  88%|████████▊ | 701/800 [20:31\u003c03:51,  2.34s/utt]\n"}
,{"stream_name":"stdout","time":9895.351358975,"data":"    ... 108m elapsed | M1:  89%|████████▉ | 715/800 [21:01\u003c02:24,  1.70s/utt]\n"}
,{"stream_name":"stdout","time":9926.211266746,"data":"    ... 109m elapsed | M1:  90%|█████████ | 724/800 [21:35\u003c04:08,  3.27s/utt]\n"}
,{"stream_name":"stdout","time":9957.841688044,"data":"    ... 109m elapsed | M1:  95%|█████████▌| 762/800 [22:08\u003c00:26,  1.46utt/s]\n"}
,{"stream_name":"stdout","time":9988.916079546,"data":"    ... 110m elapsed | M1:  98%|█████████▊| 780/800 [22:40\u003c00:34,  1.72s/utt]\n"}
,{"stream_name":"stdout","time":10019.090626847,"data":"    ... 110m elapsed | M1: 100%|█████████▉| 797/800 [23:09\u003c00:07,  2.49s/utt]\n"}
,{"stream_name":"stdout","time":10024.665866357,"data":"  800 utts, 711 newly decoded in 23.3 min (RTF=0.33)\n"}
,{"stream_name":"stdout","time":10026.78145456,"data":"  WER=0.5408  B-WER=0.5958  U-WER=0.5258  CER=0.4605  WER-L2=0.4919  termF1=0.5620  n=800\n"}
,{"stream_name":"stdout","time":10026.782380369,"data":"  context-echo guard fired on 2 utts (0.2%)\n"}
,{"stream_name":"stdout","time":10026.783236404,"data":"=== M2 on tier2 (800 utts) ===\n"}
,{"stream_name":"stdout","time":10027.982417573,"data":"BertModel LOAD REPORT from: sentence-transformers/paraphrase-multilingual-MiniLM-L12-v2\n"}
,{"stream_name":"stdout","time":10027.983321605,"data":"Key                     | Status     |  |\n"}
,{"stream_name":"stdout","time":10027.984100335,"data":"------------------------+------------+--+-\n"}
,{"stream_name":"stdout","time":10027.984848054,"data":"embeddings.position_ids | UNEXPECTED |  |\n"}
,{"stream_name":"stdout","time":10027.985609748,"data":"Notes:\n"}
,{"stream_name":"stdout","time":10027.986298332,"data":"- UNEXPECTED\t:can be ignored when loading from different task/architecture; not ok if you expect identical arch.\n"}
,{"stream_name":"stdout","time":10049.673497833,"data":"    ... 111m elapsed | M2:   1%|          | 7/800 [00:13\u003c26:48,  2.03s/utt]\n"}
,{"stream_name":"stdout","time":10080.518311912,"data":"    ... 111m elapsed | M2:   3%|▎         | 25/800 [00:44\u003c20:33,  1.59s/utt]\n"}
,{"stream_name":"stdout","time":10110.926313382,"data":"    ... 112m elapsed | M2:   5%|▌         | 42/800 [01:14\u003c29:59,  2.37s/utt]\n"}
,{"stream_name":"stdout","time":10142.144351622,"data":"    ... 112m elapsed | M2:   7%|▋         | 58/800 [01:45\u003c19:27,  1.57s/utt]\n"}
,{"stream_name":"stdout","time":10172.780332606,"data":"    ... 113m elapsed | M2:  10%|▉         | 76/800 [02:16\u003c20:09,  1.67s/utt]\n"}
,{"stream_name":"stdout","time":10202.725317738,"data":"    ... 113m elapsed | M2:  12%|█▏        | 94/800 [02:46\u003c16:48,  1.43s/utt]\n"}
,{"stream_name":"stdout","time":10233.699107022,"data":"    ... 114m elapsed | M2:  15%|█▍        | 117/800 [03:17\u003c18:23,  1.62s/utt]\n"}
,{"stream_name":"stdout","time":10265.556383461,"data":"    ... 114m elapsed | M2:  17%|█▋        | 138/800 [03:47\u003c24:33,  2.23s/utt]\n"}
,{"stream_name":"stdout","time":10295.636196554,"data":"    ... 115m elapsed | M2:  19%|█▉        | 154/800 [04:19\u003c17:11,  1.60s/utt]\n"}
,{"stream_name":"stdout","time":10325.942792935,"data":"    ... 115m elapsed | M2:  22%|██▏       | 174/800 [04:49\u003c16:19,  1.56s/utt]\n"}
,{"stream_name":"stdout","time":10357.008375672,"data":"    ... 116m elapsed | M2:  24%|██▍       | 193/800 [05:20\u003c17:38,  1.74s/utt]\n"}
,{"stream_name":"stdout","time":10387.883989225,"data":"    ... 116m elapsed | M2:  26%|██▋       | 212/800 [05:51\u003c18:55,  1.93s/utt]\n"}
,{"stream_name":"stdout","time":10420.498847323,"data":"    ... 117m elapsed | M2:  29%|██▉       | 232/800 [06:22\u003c16:52,  1.78s/utt]\n"}
,{"stream_name":"stdout","time":10452.066711174,"data":"    ... 117m elapsed | M2:  32%|███▏      | 252/800 [06:55\u003c11:25,  1.25s/utt]\n"}
,{"stream_name":"stdout","time":10483.167233208,"data":"    ... 118m elapsed | M2:  34%|███▎      | 269/800 [07:26\u003c15:52,  1.79s/utt]\n"}
,{"stream_name":"stdout","time":10514.437674156,"data":"    ... 118m elapsed | M2:  36%|███▌      | 288/800 [07:58\u003c15:29,  1.82s/utt]\n"}
,{"stream_name":"stdout","time":10545.076576535,"data":"    ... 119m elapsed | M2:  38%|███▊      | 308/800 [08:28\u003c11:37,  1.42s/utt]\n"}
,{"stream_name":"stdout","time":10575.315104865,"data":"    ... 119m elapsed | M2:  41%|████▏     | 330/800 [08:58\u003c11:04,  1.41s/utt]\n"}
,{"stream_name":"stdout","time":10606.845434399,"data":"    ... 120m elapsed | M2:  44%|████▍     | 350/800 [09:30\u003c11:57,  1.59s/utt]\n"}
,{"stream_name":"stdout","time":10637.097499455,"data":"    ... 120m elapsed | M2:  46%|████▌     | 368/800 [10:00\u003c11:34,  1.61s/utt]\n"}
,{"stream_name":"stdout","time":10667.962912721,"data":"    ... 121m elapsed | M2:  49%|████▉     | 390/800 [10:31\u003c09:55,  1.45s/utt]\n"}
,{"stream_name":"stdout","time":10698.895750527,"data":"    ... 122m elapsed | M2:  52%|█████▏    | 414/800 [11:03\u003c08:15,  1.28s/utt]\n"}
,{"stream_name":"stdout","time":10728.87588338,"data":"    ... 122m elapsed | M2:  54%|█████▍    | 431/800 [11:32\u003c11:04,  1.80s/utt]\n"}
,{"stream_name":"stdout","time":10759.272537957,"data":"    ... 123m elapsed | M2:  56%|█████▋    | 452/800 [12:02\u003c08:24,  1.45s/utt]\n"}
,{"stream_name":"stdout","time":10789.479186329,"data":"    ... 123m elapsed | M2:  59%|█████▉    | 474/800 [12:32\u003c06:26,  1.18s/utt]\n"}
,{"stream_name":"stdout","time":10820.740048633,"data":"    ... 124m elapsed | M2:  62%|██████▏   | 497/800 [13:03\u003c06:08,  1.22s/utt]\n"}
,{"stream_name":"stdout","time":10851.733627641,"data":"    ... 124m elapsed | M2:  64%|██████▍   | 516/800 [13:33\u003c07:44,  1.64s/utt]\n"}
,{"stream_name":"stdout","time":10883.696039623,"data":"    ... 125m elapsed | M2:  67%|██████▋   | 536/800 [14:06\u003c07:59,  1.82s/utt]\n"}
,{"stream_name":"stdout","time":10914.001628865,"data":"    ... 125m elapsed | M2:  70%|██████▉   | 558/800 [14:37\u003c06:42,  1.66s/utt]\n"}
,{"stream_name":"stdout","time":10944.544123836,"data":"    ... 126m elapsed | M2:  72%|███████▏  | 579/800 [15:06\u003c04:57,  1.35s/utt]\n"}
,{"stream_name":"stdout","time":10974.807925778,"data":"    ... 126m elapsed | M2:  75%|███████▌  | 603/800 [15:38\u003c04:39,  1.42s/utt]\n"}
,{"stream_name":"stdout","time":11005.383408833,"data":"    ... 127m elapsed | M2:  78%|███████▊  | 623/800 [16:09\u003c04:37,  1.57s/utt]\n"}
,{"stream_name":"stdout","time":11036.134975558,"data":"    ... 127m elapsed | M2:  81%|████████  | 645/800 [16:39\u003c03:13,  1.25s/utt]\n"}
,{"stream_name":"stdout","time":11066.191252898,"data":"    ... 128m elapsed | M2:  83%|████████▎ | 666/800 [17:09\u003c03:09,  1.41s/utt]\n"}
,{"stream_name":"stdout","time":11097.225198742,"data":"    ... 128m elapsed | M2:  86%|████████▌ | 688/800 [17:40\u003c02:18,  1.23s/utt]\n"}
,{"stream_name":"stdout","time":11127.202632074,"data":"    ... 129m elapsed | M2:  88%|████████▊ | 705/800 [18:10\u003c02:38,  1.67s/utt]\n"}
,{"stream_name":"stdout","time":11158.568267206,"data":"    ... 129m elapsed | M2:  90%|█████████ | 720/800 [18:41\u003c04:23,  3.30s/utt]\n"}
,{"stream_name":"stdout","time":11189.460496875,"data":"    ... 130m elapsed | M2:  92%|█████████▏| 732/800 [19:12\u003c02:20,  2.07s/utt]\n"}
,{"stream_name":"stdout","time":11220.826719577,"data":"    ... 130m elapsed | M2:  94%|█████████▍| 755/800 [19:44\u003c01:10,  1.56s/utt]\n"}
,{"stream_name":"stdout","time":11251.950012931,"data":"    ... 131m elapsed | M2:  97%|█████████▋| 775/800 [20:15\u003c00:31,  1.27s/utt]\n"}
,{"stream_name":"stdout","time":11282.193917452,"data":"    ... 131m elapsed | M2: 100%|█████████▉| 797/800 [20:45\u003c00:04,  1.48s/utt]\n"}
,{"stream_name":"stdout","time":11286.957348308,"data":"  800 utts, 800 newly decoded in 20.9 min (RTF=0.26)\n"}
,{"stream_name":"stdout","time":11288.77602061,"data":"  WER=0.4192  B-WER=0.4579  U-WER=0.4087  CER=0.3286  WER-L2=0.3722  termF1=0.6129  n=800\n"}
,{"stream_name":"stdout","time":11288.776951246,"data":"=== M1_glossary on tier2 (800 utts) ===\n"}
,{"stream_name":"stdout","time":11289.968354435,"data":"BertModel LOAD REPORT from: sentence-transformers/paraphrase-multilingual-MiniLM-L12-v2\n"}
,{"stream_name":"stdout","time":11289.969327762,"data":"Key                     | Status     |  |\n"}
,{"stream_name":"stdout","time":11289.970264373,"data":"------------------------+------------+--+-\n"}
,{"stream_name":"stdout","time":11289.971101865,"data":"embeddings.position_ids | UNEXPECTED |  |\n"}
,{"stream_name":"stdout","time":11289.971975305,"data":"Notes:\n"}
,{"stream_name":"stdout","time":11289.972787275,"data":"- UNEXPECTED\t:can be ignored when loading from different task/architecture; not ok if you expect identical arch.\n"}
,{"stream_name":"stdout","time":11312.708443557,"data":"    ... 132m elapsed | M1_glossary:   1%|          | 6/800 [00:13\u003c29:04,  2.20s/utt]\n"}
,{"stream_name":"stdout","time":11343.035347492,"data":"    ... 132m elapsed | M1_glossary:   3%|▎         | 21/800 [00:44\u003c24:17,  1.87s/utt]\n"}
,{"stream_name":"stdout","time":11374.270589681,"data":"    ... 133m elapsed | M1_glossary:   5%|▍         | 38/800 [01:14\u003c25:57,  2.04s/utt]\n"}
,{"stream_name":"stdout","time":11404.458667254,"data":"    ... 133m elapsed | M1_glossary:   6%|▋         | 52/800 [01:46\u003c31:34,  2.53s/utt]\n"}
,{"stream_name":"stdout","time":11435.0763343,"data":"    ... 134m elapsed | M1_glossary:   8%|▊         | 68/800 [02:16\u003c26:24,  2.17s/utt]\n"}
,{"stream_name":"stdout","time":11465.480436514,"data":"    ... 134m elapsed | M1_glossary:  10%|█         | 83/800 [02:46\u003c22:40,  1.90s/utt]\n"}
,{"stream_name":"stdout","time":11496.238051522,"data":"    ... 135m elapsed | M1_glossary:  13%|█▎        | 103/800 [03:18\u003c15:53,  1.37s/utt]\n"}
,{"stream_name":"stdout","time":11526.852714672,"data":"    ... 135m elapsed | M1_glossary:  15%|█▌        | 123/800 [03:48\u003c18:04,  1.60s/utt]\n"}
,{"stream_name":"stdout","time":11559.541221675,"data":"    ... 136m elapsed | M1_glossary:  18%|█▊        | 141/800 [04:19\u003c24:27,  2.23s/utt]\n"}
,{"stream_name":"stdout","time":11590.223416428,"data":"    ... 136m elapsed | M1_glossary:  19%|█▉        | 155/800 [04:51\u003c18:15,  1.70s/utt]\n"}
,{"stream_name":"stdout","time":11620.180505833,"data":"    ... 137m elapsed | M1_glossary:  22%|██▏       | 173/800 [05:20\u003c14:34,  1.39s/utt]\n"}
,{"stream_name":"stdout","time":11650.416860063,"data":"    ... 137m elapsed | M1_glossary:  24%|██▎       | 189/800 [05:51\u003c17:42,  1.74s/utt]\n"}
,{"stream_name":"stdout","time":11680.900848582,"data":"    ... 138m elapsed | M1_glossary:  26%|██▌       | 207/800 [06:21\u003c15:06,  1.53s/utt]\n"}
,{"stream_name":"stdout","time":11711.655577679,"data":"    ... 138m elapsed | M1_glossary:  28%|██▊       | 226/800 [06:53\u003c14:38,  1.53s/utt]\n"}
,{"stream_name":"stdout","time":11742.730523529,"data":"    ... 139m elapsed | M1_glossary:  30%|██▉       | 239/800 [07:24\u003c20:56,  2.24s/utt]\n"}
,{"stream_name":"stdout","time":11775.064307781,"data":"    ... 139m elapsed | M1_glossary:  32%|███▏      | 257/800 [07:54\u003c17:12,  1.90s/utt]\n"}
,{"stream_name":"stdout","time":11806.332140617,"data":"    ... 140m elapsed | M1_glossary:  34%|███▍      | 271/800 [08:27\u003c21:16,  2.41s/utt]\n"}
,{"stream_name":"stdout","time":11837.220410112,"data":"    ... 140m elapsed | M1_glossary:  36%|███▌      | 288/800 [08:58\u003c17:35,  2.06s/utt]\n"}
,{"stream_name":"stdout","time":11867.670738495,"data":"    ... 141m elapsed | M1_glossary:  38%|███▊      | 305/800 [09:29\u003c11:59,  1.45s/utt]\n"}
,{"stream_name":"stdout","time":11899.437338731,"data":"    ... 142m elapsed | M1_glossary:  41%|████      | 326/800 [10:00\u003c10:56,  1.39s/utt]\n"}
,{"stream_name":"stdout","time":11930.018254638,"data":"    ... 142m elapsed | M1_glossary:  43%|████▎     | 345/800 [10:30\u003c13:37,  1.80s/utt]\n"}
,{"stream_name":"stdout","time":11960.58229189,"data":"    ... 143m elapsed | M1_glossary:  45%|████▌     | 361/800 [11:01\u003c14:41,  2.01s/utt]\n"}
,{"stream_name":"stdout","time":11991.285171981,"data":"    ... 143m elapsed | M1_glossary:  47%|████▋     | 378/800 [11:32\u003c10:27,  1.49s/utt]\n"}
,{"stream_name":"stdout","time":12022.478415582,"data":"    ... 144m elapsed | M1_glossary:  50%|████▉     | 399/800 [12:04\u003c08:45,  1.31s/utt]\n"}
,{"stream_name":"stdout","time":12052.471669079,"data":"    ... 144m elapsed | M1_glossary:  52%|█████▏    | 418/800 [12:34\u003c12:25,  1.95s/utt]\n"}
,{"stream_name":"stdout","time":12082.688072717,"data":"    ... 145m elapsed | M1_glossary:  54%|█████▍    | 430/800 [13:02\u003c16:01,  2.60s/utt]\n"}
,{"stream_name":"stdout","time":12113.783656893,"data":"    ... 145m elapsed | M1_glossary:  56%|█████▌    | 448/800 [13:34\u003c08:17,  1.41s/utt]\n"}
,{"stream_name":"stdout","time":12144.334160741,"data":"    ... 146m elapsed | M1_glossary:  58%|█████▊    | 467/800 [14:05\u003c07:58,  1.44s/utt]\n"}
,{"stream_name":"stdout","time":12174.588305644,"data":"    ... 146m elapsed | M1_glossary:  60%|██████    | 482/800 [14:35\u003c16:45,  3.16s/utt]\n"}
,{"stream_name":"stdout","time":12204.907374527,"data":"    ... 147m elapsed | M1_glossary:  63%|██████▎   | 501/800 [15:06\u003c10:26,  2.10s/utt]\n"}
,{"stream_name":"stdout","time":12235.2265437,"data":"    ... 147m elapsed | M1_glossary:  65%|██████▍   | 517/800 [15:35\u003c11:37,  2.46s/utt]\n"}
,{"stream_name":"stdout","time":12267.540996306,"data":"    ... 148m elapsed | M1_glossary:  67%|██████▋   | 535/800 [16:07\u003c07:30,  1.70s/utt]\n"}
,{"stream_name":"stdout","time":12298.683169292,"data":"    ... 148m elapsed | M1_glossary:  69%|██████▉   | 555/800 [16:39\u003c07:26,  1.82s/utt]\n"}
,{"stream_name":"stdout","time":12329.889476286,"data":"    ... 149m elapsed | M1_glossary:  72%|███████▏  | 575/800 [17:11\u003c05:56,  1.59s/utt]\n"}
,{"stream_name":"stdout","time":12360.020013544,"data":"    ... 149m elapsed | M1_glossary:  74%|███████▍  | 596/800 [17:42\u003c04:19,  1.27s/utt]\n"}
,{"stream_name":"stdout","time":12391.334412696,"data":"    ... 150m elapsed | M1_glossary:  77%|███████▋  | 614/800 [18:12\u003c04:26,  1.43s/utt]\n"}
,{"stream_name":"stdout","time":12424.610953303,"data":"    ... 150m elapsed | M1_glossary:  79%|███████▉  | 633/800 [18:44\u003c04:09,  1.49s/utt]\n"}
,{"stream_name":"stdout","time":12454.893425537,"data":"    ... 151m elapsed | M1_glossary:  82%|████████▏ | 654/800 [19:17\u003c04:18,  1.77s/utt]\n"}
,{"stream_name":"stdout","time":12485.421603853,"data":"    ... 151m elapsed | M1_glossary:  84%|████████▍ | 672/800 [19:47\u003c04:20,  2.03s/utt]\n"}
,{"stream_name":"stdout","time":12515.369031806,"data":"    ... 152m elapsed | M1_glossary:  86%|████████▋ | 691/800 [20:14\u003c03:04,  1.69s/utt]\n"}
,{"stream_name":"stdout","time":12548.170577464,"data":"    ... 152m elapsed | M1_glossary:  88%|████████▊ | 708/800 [20:47\u003c02:16,  1.48s/utt]\n"}
,{"stream_name":"stdout","time":12578.683244969,"data":"    ... 153m elapsed | M1_glossary:  90%|█████████ | 720/800 [21:18\u003c04:49,  3.62s/utt]\n"}
,{"stream_name":"stdout","time":12609.737722696,"data":"    ... 153m elapsed | M1_glossary:  91%|█████████ | 728/800 [21:49\u003c05:35,  4.66s/utt]\n"}
,{"stream_name":"stdout","time":12640.126346626,"data":"    ... 154m elapsed | M1_glossary:  94%|█████████▎| 749/800 [22:21\u003c01:00,  1.19s/utt]\n"}
,{"stream_name":"stdout","time":12671.560551419,"data":"    ... 154m elapsed | M1_glossary:  96%|█████████▌| 765/800 [22:51\u003c01:10,  2.02s/utt]\n"}
,{"stream_name":"stdout","time":12701.987245512,"data":"    ... 155m elapsed | M1_glossary:  98%|█████████▊| 781/800 [23:23\u003c00:26,  1.39s/utt]\n"}
,{"stream_name":"stdout","time":12732.045364369,"data":"    ... 155m elapsed | M1_glossary: 100%|█████████▉| 799/800 [23:51\u003c00:01,  1.73s/utt]\n"}
,{"stream_name":"stdout","time":12732.0465742,"data":"  800 utts, 800 newly decoded in 23.9 min (RTF=0.30)\n"}
,{"stream_name":"stdout","time":12734.167693593,"data":"  WER=0.4786  B-WER=0.6672  U-WER=0.4274  CER=0.4032  WER-L2=0.4267  termF1=0.5496  n=800\n"}
,{"stream_name":"stdout","time":12734.168535403,"data":"=== M1_utterance on tier2 (800 utts) ===\n"}
,{"stream_name":"stdout","time":12735.369051248,"data":"BertModel LOAD REPORT from: sentence-transformers/paraphrase-multilingual-MiniLM-L12-v2\n"}
,{"stream_name":"stdout","time":12735.37004584,"data":"Key                     | Status     |  |\n"}
,{"stream_name":"stdout","time":12735.371143075,"data":"------------------------+------------+--+-\n"}
,{"stream_name":"stdout","time":12735.371967524,"data":"embeddings.position_ids | UNEXPECTED |  |\n"}
,{"stream_name":"stdout","time":12735.372716306,"data":"Notes:\n"}
,{"stream_name":"stdout","time":12735.373466784,"data":"- UNEXPECTED\t:can be ignored when loading from different task/architecture; not ok if you expect identical arch.\n"}
,{"stream_name":"stdout","time":12762.718875153,"data":"    ... 156m elapsed | M1_utterance:   0%|          | 4/800 [00:09\u003c28:51,  2.17s/utt]\n"}
,{"stream_name":"stdout","time":12794.012492003,"data":"    ... 156m elapsed | M1_utterance:   3%|▎         | 21/800 [00:41\u003c23:34,  1.82s/utt]\n"}
,{"stream_name":"stdout","time":12824.248192519,"data":"    ... 157m elapsed | M1_utterance:   4%|▍         | 36/800 [01:11\u003c25:09,  1.98s/utt]\n"}
,{"stream_name":"stdout","time":12855.415077038,"data":"    ... 157m elapsed | M1_utterance:   6%|▌         | 45/800 [01:42\u003c32:38,  2.59s/utt]\n"}
,{"stream_name":"stdout","time":12885.984118072,"data":"    ... 158m elapsed | M1_utterance:   7%|▋         | 59/800 [02:14\u003c24:01,  1.95s/utt]\n"}
,{"stream_name":"stdout","time":12916.107231818,"data":"    ... 158m elapsed | M1_utterance:   9%|▉         | 71/800 [02:42\u003c30:24,  2.50s/utt]\n"}
,{"stream_name":"stdout","time":12950.65395522,"data":"    ... 159m elapsed | M1_utterance:  11%|█         | 86/800 [03:15\u003c23:47,  2.00s/utt]\n"}
,{"stream_name":"stdout","time":12981.361218603,"data":"    ... 160m elapsed | M1_utterance:  13%|█▎        | 104/800 [03:48\u003c18:11,  1.57s/utt]\n"}
,{"stream_name":"stdout","time":13012.62793134,"data":"    ... 160m elapsed | M1_utterance:  15%|█▌        | 123/800 [04:20\u003c14:44,  1.31s/utt]\n"}
,{"stream_name":"stdout","time":13044.018762917,"data":"    ... 161m elapsed | M1_utterance:  17%|█▋        | 135/800 [04:50\u003c17:21,  1.57s/utt]\n"}
,{"stream_name":"stdout","time":13074.731703991,"data":"    ... 161m elapsed | M1_utterance:  18%|█▊        | 144/800 [05:20\u003c30:25,  2.78s/utt]\n"}
,{"stream_name":"stdout","time":13106.723638914,"data":"    ... 162m elapsed | M1_utterance:  20%|█▉        | 159/800 [05:54\u003c22:34,  2.11s/utt]\n"}
,{"stream_name":"stdout","time":13137.526493943,"data":"    ... 162m elapsed | M1_utterance:  22%|██▏       | 175/800 [06:25\u003c19:19,  1.86s/utt]\n"}
,{"stream_name":"stdout","time":13167.844619194,"data":"    ... 163m elapsed | M1_utterance:  24%|██▍       | 190/800 [06:54\u003c20:56,  2.06s/utt]\n"}
,{"stream_name":"stdout","time":13198.706673883,"data":"    ... 163m elapsed | M1_utterance:  26%|██▌       | 208/800 [07:27\u003c19:14,  1.95s/utt]\n"}
,{"stream_name":"stdout","time":13230.737292457,"data":"    ... 164m elapsed | M1_utterance:  28%|██▊       | 223/800 [07:57\u003c20:33,  2.14s/utt]\n"}
,{"stream_name":"stdout","time":13262.510642711,"data":"    ... 164m elapsed | M1_utterance:  30%|███       | 241/800 [08:29\u003c14:19,  1.54s/utt]\n"}
,{"stream_name":"stdout","time":13294.117244635,"data":"    ... 165m elapsed | M1_utterance:  32%|███▏      | 255/800 [09:01\u003c15:35,  1.72s/utt]\n"}
,{"stream_name":"stdout","time":13325.892444024,"data":"    ... 165m elapsed | M1_utterance:  34%|███▎      | 269/800 [09:33\u003c19:09,  2.16s/utt]\n"}
,{"stream_name":"stdout","time":13357.955458349,"data":"    ... 166m elapsed | M1_utterance:  36%|███▌      | 286/800 [10:05\u003c15:11,  1.77s/utt]\n"}
,{"stream_name":"stdout","time":13388.680982291,"data":"    ... 166m elapsed | M1_utterance:  38%|███▊      | 302/800 [10:37\u003c18:07,  2.18s/utt]\n"}
,{"stream_name":"stdout","time":13420.307407604,"data":"    ... 167m elapsed | M1_utterance:  40%|████      | 322/800 [11:08\u003c10:48,  1.36s/utt]\n"}
,{"stream_name":"stdout","time":13450.779365354,"data":"    ... 167m elapsed | M1_utterance:  43%|████▎     | 342/800 [11:38\u003c12:46,  1.67s/utt]\n"}
,{"stream_name":"stdout","time":13481.704640164,"data":"    ... 168m elapsed | M1_utterance:  45%|████▍     | 358/800 [12:09\u003c15:09,  2.06s/utt]\n"}
,{"stream_name":"stdout","time":13511.861825234,"data":"    ... 168m elapsed | M1_utterance:  47%|████▋     | 375/800 [12:39\u003c11:25,  1.61s/utt]\n"}
,{"stream_name":"stdout","time":13541.999970566,"data":"    ... 169m elapsed | M1_utterance:  49%|████▉     | 391/800 [13:10\u003c14:39,  2.15s/utt]\n"}
,{"stream_name":"stdout","time":13572.201009738,"data":"    ... 169m elapsed | M1_utterance:  51%|█████     | 409/800 [13:40\u003c10:30,  1.61s/utt]\n"}
,{"stream_name":"stdout","time":13602.792004056,"data":"    ... 170m elapsed | M1_utterance:  53%|█████▎    | 427/800 [14:09\u003c11:34,  1.86s/utt]\n"}
,{"stream_name":"stdout","time":13633.132157398,"data":"    ... 170m elapsed | M1_utterance:  56%|█████▌    | 447/800 [14:41\u003c08:26,  1.43s/utt]\n"}
,{"stream_name":"stdout","time":13664.593457445,"data":"    ... 171m elapsed | M1_utterance:  58%|█████▊    | 467/800 [15:12\u003c07:32,  1.36s/utt]\n"}
,{"stream_name":"stdout","time":13696.679046405,"data":"    ... 171m elapsed | M1_utterance:  61%|██████    | 487/800 [15:43\u003c07:11,  1.38s/utt]\n"}
,{"stream_name":"stdout","time":13727.523061315,"data":"    ... 172m elapsed | M1_utterance:  63%|██████▎   | 504/800 [16:15\u003c08:44,  1.77s/utt]\n"}
,{"stream_name":"stdout","time":13758.568366258,"data":"    ... 173m elapsed | M1_utterance:  65%|██████▌   | 520/800 [16:47\u003c10:33,  2.26s/utt]\n"}
,{"stream_name":"stdout","time":13788.698644543,"data":"    ... 173m elapsed | M1_utterance:  67%|██████▋   | 534/800 [17:16\u003c12:01,  2.71s/utt]\n"}
,{"stream_name":"stdout","time":13819.640960915,"data":"    ... 174m elapsed | M1_utterance:  69%|██████▉   | 551/800 [17:47\u003c06:12,  1.49s/utt]\n"}
,{"stream_name":"stdout","time":13849.970955138,"data":"    ... 174m elapsed | M1_utterance:  71%|███████   | 566/800 [18:17\u003c06:48,  1.74s/utt]\n"}
,{"stream_name":"stdout","time":13883.106617411,"data":"    ... 175m elapsed | M1_utterance:  73%|███████▎  | 582/800 [18:48\u003c06:33,  1.80s/utt]\n"}
,{"stream_name":"stdout","time":13914.624399567,"data":"    ... 175m elapsed | M1_utterance:  75%|███████▌  | 601/800 [19:22\u003c06:18,  1.90s/utt]\n"}
,{"stream_name":"stdout","time":13945.137814812,"data":"    ... 176m elapsed | M1_utterance:  77%|███████▋  | 615/800 [19:51\u003c06:35,  2.14s/utt]\n"}
,{"stream_name":"stdout","time":13975.302115171,"data":"    ... 176m elapsed | M1_utterance:  79%|███████▉  | 630/800 [20:23\u003c04:57,  1.75s/utt]\n"}
,{"stream_name":"stdout","time":14005.54141236,"data":"    ... 177m elapsed | M1_utterance:  81%|████████  | 649/800 [20:53\u003c04:14,  1.68s/utt]\n"}
,{"stream_name":"stdout","time":14036.970432593,"data":"    ... 177m elapsed | M1_utterance:  83%|████████▎ | 666/800 [21:25\u003c03:31,  1.58s/utt]\n"}
,{"stream_name":"stdout","time":14067.122021634,"data":"    ... 178m elapsed | M1_utterance:  85%|████████▌ | 681/800 [21:54\u003c03:46,  1.90s/utt]\n"}
,{"stream_name":"stdout","time":14097.800607592,"data":"    ... 178m elapsed | M1_utterance:  87%|████████▋ | 697/800 [22:24\u003c02:19,  1.35s/utt]\n"}
,{"stream_name":"stdout","time":14128.286674624,"data":"    ... 179m elapsed | M1_utterance:  89%|████████▉ | 715/800 [22:51\u003c01:40,  1.18s/utt]\n"}
,{"stream_name":"stdout","time":14161.146344366,"data":"    ... 179m elapsed | M1_utterance:  91%|█████████ | 725/800 [23:25\u003c04:31,  3.62s/utt]\n"}
,{"stream_name":"stdout","time":14192.533790877,"data":"    ... 180m elapsed | M1_utterance:  92%|█████████▏| 736/800 [24:00\u003c02:28,  2.32s/utt]\n"}
,{"stream_name":"stdout","time":14224.207956171,"data":"    ... 180m elapsed | M1_utterance:  94%|█████████▍| 755/800 [24:31\u003c01:25,  1.89s/utt]\n"}
,{"stream_name":"stdout","time":14256.257430642,"data":"    ... 181m elapsed | M1_utterance:  96%|█████████▋| 770/800 [25:02\u003c00:59,  1.98s/utt]\n"}
,{"stream_name":"stdout","time":14287.448751153,"data":"    ... 181m elapsed | M1_utterance:  99%|█████████▉| 794/800 [25:34\u003c00:09,  1.51s/utt]\n"}
,{"stream_name":"stdout","time":14300.302672617,"data":"  800 utts, 753 newly decoded in 25.8 min (RTF=0.35)\n"}
,{"stream_name":"stdout","time":14302.525637775,"data":"  WER=0.5629  B-WER=0.6302  U-WER=0.5447  CER=0.4822  WER-L2=0.5136  termF1=0.5513  n=800\n"}
,{"stream_name":"stdout","time":14302.526848907,"data":"  context-echo guard fired on 3 utts (0.4%)\n"}
,{"stream_name":"stdout","time":14302.5278693,"data":"=== M3a on tier2 (800 utts) ===\n"}
,{"stream_name":"stdout","time":14303.797967558,"data":"BertModel LOAD REPORT from: sentence-transformers/paraphrase-multilingual-MiniLM-L12-v2\n"}
,{"stream_name":"stdout","time":14303.799107707,"data":"Key                     | Status     |  |\n"}
,{"stream_name":"stdout","time":14303.800290672,"data":"------------------------+------------+--+-\n"}
,{"stream_name":"stdout","time":14303.801110579,"data":"embeddings.position_ids | UNEXPECTED |  |\n"}
,{"stream_name":"stdout","time":14303.801972294,"data":"Notes:\n"}
,{"stream_name":"stdout","time":14303.802738089,"data":"- UNEXPECTED\t:can be ignored when loading from different task/architecture; not ok if you expect identical arch.\n"}
,{"stream_name":"stdout","time":14315.136017767,"data":"  WER=0.4557  B-WER=0.6032  U-WER=0.4157  CER=0.3692  WER-L2=0.3942  termF1=0.5010  n=800\n"}
,{"stream_name":"stdout","time":14315.136813691,"data":"=== M2+M3a on tier2 (800 utts) ===\n"}
,{"stream_name":"stdout","time":14316.419897698,"data":"BertModel LOAD REPORT from: sentence-transformers/paraphrase-multilingual-MiniLM-L12-v2\n"}
,{"stream_name":"stdout","time":14316.420953988,"data":"Key                     | Status     |  |\n"}
,{"stream_name":"stdout","time":14316.422051079,"data":"------------------------+------------+--+-\n"}
,{"stream_name":"stdout","time":14316.422852308,"data":"embeddings.position_ids | UNEXPECTED |  |\n"}
,{"stream_name":"stdout","time":14316.423564854,"data":"Notes:\n"}
,{"stream_name":"stdout","time":14316.42426295,"data":"- UNEXPECTED\t:can be ignored when loading from different task/architecture; not ok if you expect identical arch.\n"}
,{"stream_name":"stdout","time":14327.39279076,"data":"  WER=0.4243  B-WER=0.4618  U-WER=0.4141  CER=0.3314  WER-L2=0.3791  termF1=0.5984  n=800\n"}
,{"stream_name":"stdout","time":14327.393894891,"data":"=== M1+M3a on tier2 (800 utts) ===\n"}
,{"stream_name":"stdout","time":14328.44533541,"data":"    ... 182m elapsed | Loading weights:   0%|          | 0/199 [00:00\u003c?, ?it/s]\n"}
,{"stream_name":"stdout","time":14328.578679706,"data":"BertModel LOAD REPORT from: sentence-transformers/paraphrase-multilingual-MiniLM-L12-v2\n"}
,{"stream_name":"stdout","time":14328.579224974,"data":"Key                     | Status     |  |\n"}
,{"stream_name":"stdout","time":14328.580033148,"data":"------------------------+------------+--+-\n"}
,{"stream_name":"stdout","time":14328.580817978,"data":"embeddings.position_ids | UNEXPECTED |  |\n"}
,{"stream_name":"stdout","time":14328.581498884,"data":"Notes:\n"}
,{"stream_name":"stdout","time":14328.582239915,"data":"- UNEXPECTED\t:can be ignored when loading from different task/architecture; not ok if you expect identical arch.\n"}
,{"stream_name":"stdout","time":14340.079092134,"data":"  WER=0.5440  B-WER=0.6032  U-WER=0.5280  CER=0.4613  WER-L2=0.4971  termF1=0.5508  n=800\n"}
,{"stream_name":"stdout","time":14340.079963824,"data":"  context-echo guard fired on 2 utts (0.2%)\n"}
,{"stream_name":"stdout","time":14340.080769848,"data":"=== M3b on tier2 (800 utts) ===\n"}
,{"stream_name":"stdout","time":14341.277690643,"data":"BertModel LOAD REPORT from: sentence-transformers/paraphrase-multilingual-MiniLM-L12-v2\n"}
,{"stream_name":"stdout","time":14341.277993235,"data":"Key                     | Status     |  |\n"}
,{"stream_name":"stdout","time":14341.278887809,"data":"------------------------+------------+--+-\n"}
,{"stream_name":"stdout","time":14341.279705347,"data":"embeddings.position_ids | UNEXPECTED |  |\n"}
,{"stream_name":"stdout","time":14341.280456968,"data":"Notes:\n"}
,{"stream_name":"stdout","time":14341.281212102,"data":"- UNEXPECTED\t:can be ignored when loading from different task/architecture; not ok if you expect identical arch.\n"}
,{"stream_name":"stdout","time":14346.113797962,"data":"M3b skipped: No module named 'groq'. Set GROQ_API_KEY (or correction.llm_provider: none in configs/config.yaml to exclude M3b from the matrix). The condition is deliberately not falling back to the uncorrected baseline, which would look like a real result.\n"}
,{"stream_name":"stdout","time":14346.113835364,"data":"(continuing without M3b)\n"}
,{"stream_name":"stdout","time":14346.114994714,"data":"=== G on tier2 (800 utts) ===\n"}
,{"stream_name":"stdout","time":14347.92168937,"data":"  WER=0.4447  B-WER=0.5736  U-WER=0.4098  CER=0.3584  WER-L2=0.3860  termF1=0.5355  n=800\n"}
,{"stream_name":"stdout","time":14347.922752556,"data":"$ /usr/bin/python3 src/gating.py --tier tier2 --sweep --mechanism M2\n"}
,{"stream_name":"stdout","time":14350.046091357,"data":"  percentile=0     grounded=  0.0%  WER=0.4562  B-WER=0.6184  U-WER=0.4122  CER=0.3724  WER-L2=0.3922  termF1=0.4983  n=800\n"}
,{"stream_name":"stdout","time":14351.636298156,"data":"  percentile=10    grounded= 10.0%  WER=0.4556  B-WER=0.6130  U-WER=0.4129  CER=0.3715  WER-L2=0.3917  termF1=0.5027  n=800\n"}
,{"stream_name":"stdout","time":14353.28449997,"data":"  percentile=20    grounded= 20.0%  WER=0.4530  B-WER=0.5987  U-WER=0.4135  CER=0.3679  WER-L2=0.3913  termF1=0.5153  n=800\n"}
,{"stream_name":"stdout","time":14354.874333355,"data":"  percentile=30    grounded= 30.0%  WER=0.4496  B-WER=0.5879  U-WER=0.4121  CER=0.3638  WER-L2=0.3887  termF1=0.5240  n=800\n"}
,{"stream_name":"stdout","time":14356.440741481,"data":"  percentile=40    grounded= 40.0%  WER=0.4447  B-WER=0.5736  U-WER=0.4098  CER=0.3584  WER-L2=0.3860  termF1=0.5355  n=800\n"}
,{"stream_name":"stdout","time":14358.055621832,"data":"  percentile=50    grounded= 50.0%  WER=0.4383  B-WER=0.5490  U-WER=0.4083  CER=0.3515  WER-L2=0.3825  termF1=0.5552  n=800\n"}
,{"stream_name":"stdout","time":14359.55064317,"data":"  percentile=60    grounded= 60.0%  WER=0.4341  B-WER=0.5303  U-WER=0.4081  CER=0.3479  WER-L2=0.3797  termF1=0.5670  n=800\n"}
,{"stream_name":"stdout","time":14361.069827439,"data":"  percentile=80    grounded= 80.0%  WER=0.4268  B-WER=0.4958  U-WER=0.4081  CER=0.3380  WER-L2=0.3751  termF1=0.5854  n=800\n"}
,{"stream_name":"stdout","time":14362.61881262,"data":"  percentile=100   grounded=100.0%  WER=0.4192  B-WER=0.4579  U-WER=0.4087  CER=0.3286  WER-L2=0.3722  termF1=0.6129  n=800\n"}
,{"stream_name":"stdout","time":14362.621518655,"data":"Gating 100% of utterances retains 100% of the B-WER gain of grounding all of them\n"}
,{"stream_name":"stdout","time":14362.622300866,"data":"chosen percentile: 100\n"}
,{"stream_name":"stdout","time":14362.652480511,"data":"=== G on tier2 (800 utts) ===\n"}
,{"stream_name":"stdout","time":14364.65766126,"data":"  WER=0.4192  B-WER=0.4579  U-WER=0.4087  CER=0.3286  WER-L2=0.3722  termF1=0.6129  n=800\n"}
,{"stream_name":"stdout","time":14364.658579071,"data":"lexicon coverage on tier2: 21.33% of 9520 reference tokens are lexicon terms (15.02% written in Latin script)\n"}
,{"stream_name":"stdout","time":14364.659283704,"data":"$ /usr/bin/python3 src/eval_retrieval.py --tier tier2\n"}
,{"stream_name":"stdout","time":14375.903982005,"data":"Warning: You are sending unauthenticated requests to the HF Hub. Please set a HF_TOKEN to enable higher rate limits and faster downloads.\n"}
,{"stream_name":"stdout","time":14376.899728332,"data":"    ... 183m elapsed | Loading weights:   0%|          | 0/199 [00:00\u003c?, ?it/s]\n"}
,{"stream_name":"stdout","time":14377.02819629,"data":"BertModel LOAD REPORT from: sentence-transformers/paraphrase-multilingual-MiniLM-L12-v2\n"}
,{"stream_name":"stdout","time":14377.029302095,"data":"Key                     | Status     |  |\n"}
,{"stream_name":"stdout","time":14377.030168462,"data":"------------------------+------------+--+-\n"}
,{"stream_name":"stdout","time":14377.031060238,"data":"embeddings.position_ids | UNEXPECTED |  |\n"}
,{"stream_name":"stdout","time":14377.031841097,"data":"Notes:\n"}
,{"stream_name":"stdout","time":14377.032716648,"data":"- UNEXPECTED\t:can be ignored when loading from different task/architecture; not ok if you expect identical arch.\n"}
,{"stream_name":"stdout","time":14381.305175331,"data":"lecture_k1       top-1 acc=0.8025  gold in top-1=0.8025  (800 utts)\n"}
,{"stream_name":"stdout","time":14381.670083783,"data":"lecture_k3       top-1 acc=0.8025  gold in top-3=0.9113  (800 utts)\n"}
,{"stream_name":"stdout","time":14382.036125157,"data":"lecture_k5       top-1 acc=0.8025  gold in top-5=0.9113  (800 utts)\n"}
,{"stream_name":"stdout","time":14390.373669023,"data":"utterance_k1     top-1 acc=0.3175  gold in top-1=0.3175  (800 utts)\n"}
,{"stream_name":"stdout","time":14398.337921674,"data":"utterance_k3     top-1 acc=0.3175  gold in top-3=0.5450  (800 utts)\n"}
,{"stream_name":"stdout","time":14406.485597044,"data":"utterance_k5     top-1 acc=0.3175  gold in top-5=0.6562  (800 utts)\n"}
,{"stream_name":"stdout","time":14406.487297081,"data":"primary (lecture_k3) top-1 retrieval accuracy: 0.8025  -\u003e runs/tier2/retrieval_accuracy.json\n"}
,{"stream_name":"stdout","time":14408.08386708,"data":"$ /usr/bin/python3 src/analyze_errors.py --tier tier2 --run B0\n"}
,{"stream_name":"stdout","time":14408.81462465,"data":"=== headroom estimate (§8.4) ===\n"}
,{"stream_name":"stdout","time":14408.815690442,"data":"1580 of 4343 word errors (36.4%) touch a syllabus lexicon term. Terminology biasing can therefore reduce overall WER by at most that share, and only to the extent it repairs those errors without introducing new ones.\n"}
,{"stream_name":"stdout","time":14408.816656393,"data":"=== substitution categories (2655 substitutions) ===\n"}
,{"stream_name":"stdout","time":14408.817637945,"data":"     931   35.1%  terminology\n"}
,{"stream_name":"stdout","time":14408.818522349,"data":"     787   29.6%  other\n"}
,{"stream_name":"stdout","time":14408.819535815,"data":"     570   21.5%  orthographic\n"}
,{"stream_name":"stdout","time":14408.820658174,"data":"     317   11.9%  function_word\n"}
,{"stream_name":"stdout","time":14408.82152614,"data":"      50    1.9%  english_nonterm\n"}
,{"stream_name":"stdout","time":14408.822409098,"data":"=== WER by utterance duration ===\n"}
,{"stream_name":"stdout","time":14408.823299209,"data":"   0-2s: WER=0.8657  (134 ref words)\n"}
,{"stream_name":"stdout","time":14408.824277178,"data":"   2-4s: WER=0.4649  (1424 ref words)\n"}
,{"stream_name":"stdout","time":14408.825188849,"data":"   4-7s: WER=0.3940  (4162 ref words)\n"}
,{"stream_name":"stdout","time":14408.826144415,"data":"    7s+: WER=0.5066  (3800 ref words)\n"}
,{"stream_name":"stdout","time":14408.827125123,"data":"=== top 20 substitution pairs (ref -\u003e hyp) ===\n"}
,{"stream_name":"stdout","time":14408.828008947,"data":"    83                   click  -\u003e  क्लिक                  [orthographic]\n"}
,{"stream_name":"stdout","time":14408.829031088,"data":"    23                     box  -\u003e  बॉक्स                  [orthographic]\n"}
,{"stream_name":"stdout","time":14408.830229418,"data":"    21                    type  -\u003e  टाइप                   [terminology]\n"}
,{"stream_name":"stdout","time":14408.831287075,"data":"    21                  button  -\u003e  बटन                    [terminology]\n"}
,{"stream_name":"stdout","time":14408.832219518,"data":"    18                   चुनें  -\u003e  चुने                   [other]\n"}
,{"stream_name":"stdout","time":14408.833300785,"data":"    17                    file  -\u003e  फाइल                   [orthographic]\n"}
,{"stream_name":"stdout","time":14408.834261882,"data":"    16                      है  -\u003e  हैं                    [function_word]\n"}
,{"stream_name":"stdout","time":14408.835639525,"data":"    16                  window  -\u003e  विंडो                  [terminology]\n"}
,{"stream_name":"stdout","time":14408.836316864,"data":"    16                    menu  -\u003e  मेन्यू                 [terminology]\n"}
,{"stream_name":"stdout","time":14408.837443931,"data":"    16                थंडरबर्ड  -\u003e  thunderbird            [terminology]\n"}
,{"stream_name":"stdout","time":14408.838352462,"data":"    15                   slide  -\u003e  स्लाइड                 [orthographic]\n"}
,{"stream_name":"stdout","time":14408.839092677,"data":"    14                    text  -\u003e  टेक्स्ट                [orthographic]\n"}
,{"stream_name":"stdout","time":14408.839923756,"data":"    13                     गये  -\u003e  गए                     [function_word]\n"}
,{"stream_name":"stdout","time":14408.840702668,"data":"    12                  dialog  -\u003e  डायलोग                 [terminology]\n"}
,{"stream_name":"stdout","time":14408.841375846,"data":"    11               प्रस्तुति  -\u003e  प्रस्तुती              [orthographic]\n"}
,{"stream_name":"stdout","time":14408.842063869,"data":"    10                   उपयोग  -\u003e  उप्योग                 [other]\n"}
,{"stream_name":"stdout","time":14408.842821627,"data":"    10                 mission  -\u003e  मिशन                   [other]\n"}
,{"stream_name":"stdout","time":14408.843591907,"data":"    10                 program  -\u003e  प्रोग्राम              [orthographic]\n"}
,{"stream_name":"stdout","time":14408.844486502,"data":"    10                   panel  -\u003e  पैनल                   [terminology]\n"}
,{"stream_name":"stdout","time":14408.845277603,"data":"    10                   print  -\u003e  प्रिंट                 [orthographic]\n"}
,{"stream_name":"stdout","time":14408.846016892,"data":"-\u003e runs/tier2/B0/error_analysis.json\n"}
,{"stream_name":"stdout","time":14408.84676578,"data":"$ /usr/bin/python3 src/bootstrap.py --tier tier2\n"}
,{"stream_name":"stdout","time":14415.016201468,"data":"run             WER     ΔWER       p    B-WER        Δ       p    U-WER        Δ       p  %impr  %regr\n"}
,{"stream_name":"stdout","time":14415.017198617,"data":"C1         0.3956 -0.0606   0.000 0.4087 -0.2097   0.000 0.3920 -0.0202   0.000   39.6   13.2\n"}
,{"stream_name":"stdout","time":14415.01864469,"data":"C2         0.6966 0.2404   1.000 0.8065 0.1881   0.996 0.6668 0.2546   1.000   28.8   36.6\n"}
,{"stream_name":"stdout","time":14415.01922566,"data":"C3         0.6911 0.2349   1.000 0.7189 0.1004   0.991 0.6835 0.2713   1.000   27.2   41.1\n"}
,{"stream_name":"stdout","time":14415.020526973,"data":"G          0.4192 -0.0370   0.000 0.4579 -0.1605   0.000 0.4087 -0.0035   0.176   28.1   11.5\n"}
,{"stream_name":"stdout","time":14415.021941275,"data":"M1         0.5408 0.0846   1.000 0.5958 -0.0226   0.136 0.5258 0.1136   1.000   30.0   29.0\n"}
,{"stream_name":"stdout","time":14415.023218831,"data":"M1+M3a     0.5440 0.0878   1.000 0.6032 -0.0153   0.242 0.5280 0.1158   1.000   29.8   30.6\n"}
,{"stream_name":"stdout","time":14415.024281242,"data":"M1_glossary 0.4786 0.0224   0.816 0.6672 0.0487   0.632 0.4274 0.0152   0.992   26.8   20.8\n"}
,{"stream_name":"stdout","time":14415.025320274,"data":"M1_utterance 0.5629 0.1067   1.000 0.6302 0.0118   0.705 0.5447 0.1325   1.000   29.9   31.1\n"}
,{"stream_name":"stdout","time":14415.026380931,"data":"M2         0.4192 -0.0370   0.000 0.4579 -0.1605   0.000 0.4087 -0.0035   0.176   28.1   11.5\n"}
,{"stream_name":"stdout","time":14415.027419034,"data":"M2+M3a     0.4243 -0.0319   0.000 0.4618 -0.1566   0.000 0.4141 0.0019   0.690   29.2   14.8\n"}
,{"stream_name":"stdout","time":14415.028495878,"data":"M3a        0.4557 -0.0005   0.369 0.6032 -0.0153   0.006 0.4157 0.0035   1.000    7.8    6.8\n"}
,{"stream_name":"stdout","time":14415.02952721,"data":"-\u003e runs/tier2/bootstrap.json\n"}
,{"stream_name":"stdout","time":14415.046260389,"data":"$ /usr/bin/python3 src/make_report.py --tier tier2\n"}
,{"stream_name":"stdout","time":14421.083278385,"data":"# Results — tier2\n"}
,{"stream_name":"stdout","time":14421.084244485,"data":"Model `large-v3` (float16, beam 5, temperature 0.0, language `hi`). Headline WER is level-1 (script-preserving) normalisation; WER-L2 is the script-invariant secondary metric. B-WER / U-WER split errors by whether the reference word is in the frozen syllabus lexicon. p-values are one-sided paired bootstrap against B0.\n"}
,{"stream_name":"stdout","time":14421.08507146,"data":"| System | What it isolates | N | WER | ΔWER | p | B-WER | ΔB | p | U-WER | ΔU | p | CER | WER-L2 | Term F1 | %impr | %regr |\n"}
,{"stream_name":"stdout","time":14421.085807258,"data":"|---|---|--:|--:|--:|--:|--:|--:|--:|--:|--:|--:|--:|--:|--:|--:|--:|\n"}
,{"stream_name":"stdout","time":14421.086487907,"data":"| B0  baseline, no grounding | reference point | 800 | 0.4562 | — | — | 0.6184 | — | — | 0.4122 | — | — | 0.3724 | 0.3922 | 0.4983 | — | — |\n"}
,{"stream_name":"stdout","time":14421.087181486,"data":"| C1  generic non-syllabus context | effect of conditioning per se | 800 | 0.3956 | -0.0606 | 0.000 | 0.4087 | -0.2097 | 0.000 | 0.3920 | -0.0202 | 0.000 | 0.3123 | 0.3533 | 0.6414 | 39.6 | 13.2 |\n"}
,{"stream_name":"stdout","time":14421.087918168,"data":"| C2  random syllabus document | whether the correct syllabus matters | 800 | 0.6966 | 0.2404 | 1.000 | 0.8065 | 0.1881 | 0.996 | 0.6668 | 0.2546 | 1.000 | 0.6328 | 0.6501 | 0.4981 | 28.8 | 36.6 |\n"}
,{"stream_name":"stdout","time":14421.088603097,"data":"| C3  oracle syllabus document | upper bound given perfect retrieval | 800 | 0.6911 | 0.2349 | 1.000 | 0.7189 | 0.1004 | 0.991 | 0.6835 | 0.2713 | 1.000 | 0.6017 | 0.6480 | 0.5363 | 27.2 | 41.1 |\n"}
,{"stream_name":"stdout","time":14421.089305888,"data":"| M1  retrieved context conditioning | mechanism 1 | 800 | 0.5408 | 0.0846 | 1.000 | 0.5958 | -0.0226 | 0.136 | 0.5258 | 0.1136 | 1.000 | 0.4605 | 0.4919 | 0.5620 | 30.0 | 29.0 |\n"}
,{"stream_name":"stdout","time":14421.090083975,"data":"| M1' glossary-style context (ablation) | prose vs glossary (§7.1) | 800 | 0.4786 | 0.0224 | 0.816 | 0.6672 | 0.0487 | 0.632 | 0.4274 | 0.0152 | 0.992 | 0.4032 | 0.4267 | 0.5496 | 26.8 | 20.8 |\n"}
,{"stream_name":"stdout","time":14421.090961597,"data":"| M1'' per-utterance retrieval (ablation) | retrieval granularity (§6.4) | 800 | 0.5629 | 0.1067 | 1.000 | 0.6302 | 0.0118 | 0.705 | 0.5447 | 0.1325 | 1.000 | 0.4822 | 0.5136 | 0.5513 | 29.9 | 31.1 |\n"}
,{"stream_name":"stdout","time":14421.091775134,"data":"| M2  retrieved token-level biasing | mechanism 2 | 800 | 0.4192 | -0.0370 | 0.000 | 0.4579 | -0.1605 | 0.000 | 0.4087 | -0.0035 | 0.176 | 0.3286 | 0.3722 | 0.6129 | 28.1 | 11.5 |\n"}
,{"stream_name":"stdout","time":14421.092429562,"data":"| M3a lexical correction on B0 | mechanism 3 (deterministic) | 800 | 0.4557 | -0.0005 | 0.369 | 0.6032 | -0.0153 | 0.006 | 0.4157 | 0.0035 | 1.000 | 0.3692 | 0.3942 | 0.5010 | 7.8 | 6.8 |\n"}
,{"stream_name":"stdout","time":14421.093160719,"data":"| M1+M3a  context + correction | complementarity (H3) | 800 | 0.5440 | 0.0878 | 1.000 | 0.6032 | -0.0153 | 0.242 | 0.5280 | 0.1158 | 1.000 | 0.4613 | 0.4971 | 0.5508 | 29.8 | 30.6 |\n"}
,{"stream_name":"stdout","time":14421.093893011,"data":"| M2+M3a  biasing + correction | complementarity (H3) | 800 | 0.4243 | -0.0319 | 0.000 | 0.4618 | -0.1566 | 0.000 | 0.4141 | 0.0019 | 0.690 | 0.3314 | 0.3791 | 0.5984 | 29.2 | 14.8 |\n"}
,{"stream_name":"stdout","time":14421.09465462,"data":"| G   confidence-gated biasing | principal contribution (H4) | 800 | 0.4192 | -0.0370 | 0.000 | 0.4579 | -0.1605 | 0.000 | 0.4087 | -0.0035 | 0.176 | 0.3286 | 0.3722 | 0.6129 | 28.1 | 11.5 |\n"}
,{"stream_name":"stdout","time":14421.09541454,"data":"## Error composition and guards\n"}
,{"stream_name":"stdout","time":14421.096125001,"data":"| System | sub | ins | del | Term P | Term R | echo-guard rate | rewrite-discard rate | grounded rate |\n"}
,{"stream_name":"stdout","time":14421.096841646,"data":"|---|--:|--:|--:|--:|--:|--:|--:|--:|\n"}
,{"stream_name":"stdout","time":14421.097498784,"data":"| B0 | 2655 | 1041 | 647 | 0.5169 | 0.4810 | — | — | — |\n"}
,{"stream_name":"stdout","time":14421.098227301,"data":"| C1 | 2104 | 1002 | 660 | 0.5886 | 0.7046 | 0.024 | — | — |\n"}
,{"stream_name":"stdout","time":14421.098970531,"data":"| C2 | 2813 | 3206 | 613 | 0.4254 | 0.6007 | 0.021 | — | — |\n"}
,{"stream_name":"stdout","time":14421.09966138,"data":"| C3 | 3036 | 2880 | 663 | 0.4648 | 0.6337 | 0.016 | — | — |\n"}
,{"stream_name":"stdout","time":14421.100423287,"data":"| M1 | 2518 | 2075 | 555 | 0.5094 | 0.6268 | 0.003 | — | — |\n"}
,{"stream_name":"stdout","time":14421.101284538,"data":"| M1_glossary | 2531 | 1381 | 644 | 0.4900 | 0.6258 | 0.000 | — | — |\n"}
,{"stream_name":"stdout","time":14421.102094482,"data":"| M1_utterance | 2413 | 2410 | 536 | 0.4957 | 0.6209 | 0.004 | — | — |\n"}
,{"stream_name":"stdout","time":14421.10283169,"data":"| M2 | 2321 | 1010 | 660 | 0.5803 | 0.6494 | 0.000 | — | — |\n"}
,{"stream_name":"stdout","time":14421.103532376,"data":"| M3a | 2657 | 1030 | 651 | 0.4964 | 0.5057 | — | — | — |\n"}
,{"stream_name":"stdout","time":14421.104247743,"data":"| M1+M3a | 2559 | 2060 | 560 | 0.4868 | 0.6342 | 0.003 | — | — |\n"}
,{"stream_name":"stdout","time":14421.104998189,"data":"| M2+M3a | 2371 | 1002 | 666 | 0.5523 | 0.6529 | 0.000 | — | — |\n"}
,{"stream_name":"stdout","time":14421.105734264,"data":"| G | 2321 | 1010 | 660 | 0.5803 | 0.6494 | 0.000 | — | 1.000 |\n"}
,{"stream_name":"stdout","time":14421.106492013,"data":"## Measured context\n"}
,{"stream_name":"stdout","time":14421.107211312,"data":"* Retrieval top-1 topic accuracy (lecture_k3): **0.802** (§6.3).\n"}
,{"stream_name":"stdout","time":14421.107974392,"data":"* Headroom: 1580 of 4343 word errors (36.4%) touch a syllabus lexicon term. Terminology biasing can therefore reduce overall WER by at most that share, and only to the extent it repairs those errors without introducing new ones.\n"}
,{"stream_name":"stdout","time":14421.108732614,"data":"* Lexicon coverage on this tier: 21.3% of reference word tokens are lexicon terms (2031/9520); §5.4.\n"}
,{"stream_name":"stdout","time":14421.109491272,"data":"-\u003e report/results_tier2.md\n"}
,{"stream_name":"stdout","time":14421.110193664,"data":"-\u003e report/results_tier2.csv\n"}
,{"stream_name":"stdout","time":14421.111050265,"data":"$ /usr/bin/python3 src/figures.py --tier tier2\n"}
,{"stream_name":"stdout","time":14423.757499879,"data":"-\u003e report/figures/pipeline.png\n"}
,{"stream_name":"stdout","time":14423.758611176,"data":"-\u003e report/figures/matrix_tier2.png\n"}
,{"stream_name":"stdout","time":14423.759703297,"data":"-\u003e report/figures/wer_by_duration_tier2_B0.png\n"}
,{"stream_name":"stdout","time":14423.76050422,"data":"-\u003e report/figures/frontier_tier2_M2.png\n"}
,{"stream_name":"stdout","time":14423.761424771,"data":"-\u003e report/figures/sweep_m3a_tier1.png\n"}
,{"stream_name":"stdout","time":14423.762326328,"data":"-\u003e report/figures/sweep_m2_tier1.png\n"}
,{"stream_name":"stdout","time":14423.838026683,"data":"$ /usr/bin/python3 src/repro.py\n"}
,{"stream_name":"stdout","time":14430.612165136,"data":"{\n"}
,{"stream_name":"stdout","time":14430.613337524,"data":"  \"python\": \"3.12.13\",\n"}
,{"stream_name":"stdout","time":14430.614257992,"data":"  \"platform\": \"Linux-6.12.90+-x86_64-with-glibc2.35\",\n"}
,{"stream_name":"stdout","time":14430.615354154,"data":"  \"packages\": {\n"}
,{"stream_name":"stdout","time":14430.616219194,"data":"    \"faster-whisper\": \"1.1.1\",\n"}
,{"stream_name":"stdout","time":14430.617103675,"data":"    \"ctranslate2\": \"4.5.0\",\n"}
,{"stream_name":"stdout","time":14430.618000088,"data":"    \"sentence-transformers\": \"5.4.1\",\n"}
,{"stream_name":"stdout","time":14430.619031252,"data":"    \"jiwer\": \"3.0.4\",\n"}
,{"stream_name":"stdout","time":14430.619935209,"data":"    \"rapidfuzz\": \"3.14.5\",\n"}
,{"stream_name":"stdout","time":14430.620879796,"data":"    \"indic-transliteration\": \"2.3.82\",\n"}
,{"stream_name":"stdout","time":14430.622061778,"data":"    \"numpy\": \"2.0.2\",\n"}
,{"stream_name":"stdout","time":14430.623132067,"data":"    \"torch\": \"2.10.0+cu128\",\n"}
,{"stream_name":"stdout","time":14430.624171539,"data":"    \"soundfile\": \"0.13.1\",\n"}
,{"stream_name":"stdout","time":14430.625732895,"data":"    \"librosa\": \"0.11.0\",\n"}
,{"stream_name":"stdout","time":14430.626187209,"data":"    \"matplotlib\": \"3.10.0\",\n"}
,{"stream_name":"stdout","time":14430.62709686,"data":"    \"onnxruntime\": \"1.28.0\",\n"}
,{"stream_name":"stdout","time":14430.62810265,"data":"    \"tokenizers\": \"0.22.2\",\n"}
,{"stream_name":"stdout","time":14430.62916817,"data":"    \"huggingface-hub\": \"1.11.0\"\n"}
,{"stream_name":"stdout","time":14430.630163976,"data":"  },\n"}
,{"stream_name":"stdout","time":14430.631087607,"data":"  \"model_paths\": {\n"}
,{"stream_name":"stdout","time":14430.632316788,"data":"    \"large-v3\": \"/root/.cache/huggingface/hub/models--Systran--faster-whisper-large-v3/snapshots/edaa852ec7e145841d8ffdb056a99866b5f0a478\"\n"}
,{"stream_name":"stdout","time":14430.63332732,"data":"  },\n"}
,{"stream_name":"stdout","time":14430.634400008,"data":"  \"git_commit\": \"84e228379aa78c93be55704b2cfcb37b0885be99\"\n"}
,{"stream_name":"stdout","time":14430.635482879,"data":"}\n"}
,{"stream_name":"stdout","time":14430.636686847,"data":"=== §13 reproducibility checklist ===\n"}
,{"stream_name":"stdout","time":14430.637772867,"data":"[x] Corpus version, subset seeds and tier sizes recorded\n"}
,{"stream_name":"stdout","time":14430.638779024,"data":"[x] Model identifier, quantisation, beam width, temperature and language recorded\n"}
,{"stream_name":"stdout","time":14430.639610334,"data":"[x] Runtime and library versions pinned\n"}
,{"stream_name":"stdout","time":14430.640410271,"data":"[x] Syllabus documents and frozen term lexicon included\n"}
,{"stream_name":"stdout","time":14430.641225984,"data":"[x] Retrieval model identifier, chunk size, overlap and top-k recorded\n"}
,{"stream_name":"stdout","time":14430.642130219,"data":"[x] All decode outputs cached and archived\n"}
,{"stream_name":"stdout","time":14430.642978374,"data":"[x] Per-utterance edit counts retained for significance testing\n"}
,{"stream_name":"stdout","time":14430.643776431,"data":"[x] Normalisation procedure fully specified, both levels\n"}
,{"stream_name":"stdout","time":14430.644511573,"data":"[x] Guard thresholds and firing rates reported\n"}
,{"stream_name":"stdout","time":14430.64526462,"data":"[x] Every hyperparameter selected on the development tier\n"}
,{"stream_name":"stdout","time":14430.646075772,"data":"[ ] Segment refinement documented and validated\n"}
,{"stream_name":"stdout","time":14430.646883203,"data":"[x] Model-selection and language pilots recorded\n"}
,{"stream_name":"stdout","time":14430.647635827,"data":"11/12 items satisfied\n"}
,{"stream_name":"stdout","time":14432.991941615,"data":"  [src/run_matrix.py finished in 184m 14s]\n"}
,{"stream_name":"stdout","time":14434.163473467,"data":"\u003e\u003e\u003e [checkpoint: matrix_tier2] 8163 decodes cached, 6 MB saved to /kaggle/working\n"}
,{"stream_name":"stdout","time":14434.164323482,"data":"\n"}
,{"stream_name":"stdout","time":14434.164342545,"data":"========================================================================\n"}
,{"stream_name":"stdout","time":14434.16434714,"data":"[08:03:41] CELL 12/13  DONE   — Tier-2 experiment matrix   (184m 15s)\n"}
,{"stream_name":"stdout","time":14434.164351954,"data":"========================================================================\n"}
,{"stream_name":"stdout","time":14434.277953618,"data":"\n"}
,{"stream_name":"stdout","time":14434.277984155,"data":"========================================================================\n"}
,{"stream_name":"stdout","time":14434.277990166,"data":"[08:03:41] CELL 13/13  START  — Results\n"}
,{"stream_name":"stdout","time":14434.277994138,"data":"========================================================================\n"}
,{"stream_name":"stdout","time":14434.278765052,"data":"$ python src/status.py\n"}
,{"stream_name":"stdout","time":14434.392082918,"data":"==============================================================================\n"}
,{"stream_name":"stdout","time":14434.393217775,"data":"Syllabus-grounded contextual biasing — study status\n"}
,{"stream_name":"stdout","time":14434.39436631,"data":"==============================================================================\n"}
,{"stream_name":"stdout","time":14434.395597071,"data":"frozen setup: model=large-v3 (float16, beam 5, temp 0.0), language=hi, audio=refined-r2.5-dp\n"}
,{"stream_name":"stdout","time":14434.396543794,"data":"corpus: 3136 utts / 5.178 h, published-figure gate PASS\n"}
,{"stream_name":"stdout","time":14434.397813663,"data":"segments: refined (r=2.5s, lambda=2.0), |shift| 0.67s, acceptance gate PASS\n"}
,{"stream_name":"stdout","time":14434.398681768,"data":"tiers: tier1=200u/18.8min, tier2=800u/79.2min, tier3=3136u/311.2min\n"}
,{"stream_name":"stdout","time":14434.399678419,"data":"lexicon: 981 terms, frozen, sha256 96d72c87273a\n"}
,{"stream_name":"stdout","time":14434.400805898,"data":"--- §11 stage gates ----------------------------------------------------------\n"}
,{"stream_name":"stdout","time":14434.40212072,"data":"[x] 1  corpus downloaded, manifest built, tiers frozen\n"}
,{"stream_name":"stdout","time":14434.403210132,"data":"[x] 2  model running locally, caching verified, pilots complete\n"}
,{"stream_name":"stdout","time":14434.404166903,"data":"[x] 3  normalisation + scoring harness; baseline B0 locked\n"}
,{"stream_name":"stdout","time":14434.405073669,"data":"[x] 4  error analysis; headroom estimate stated\n"}
,{"stream_name":"stdout","time":14434.406220681,"data":"[x] 5  syllabus documents authored; chunk index + lexicon frozen\n"}
,{"stream_name":"stdout","time":14434.407278378,"data":"[x] 6  retrieval implemented; top-1 accuracy measured\n"}
,{"stream_name":"stdout","time":14434.408272121,"data":"[x] 7  M1 and M2 implemented with guards\n"}
,{"stream_name":"stdout","time":14434.409214022,"data":"[x] 8  M3a/M3b thresholds swept on Tier 1\n"}
,{"stream_name":"stdout","time":14434.410104353,"data":"[x] 9  confidence gating; trade-off frontier plotted\n"}
,{"stream_name":"stdout","time":14434.411243427,"data":"[x] 10 full matrix on Tier 2; bootstrap p-values\n"}
,{"stream_name":"stdout","time":14434.412292415,"data":"[ ] 11 B0 and best system on Tier 3\n"}
,{"stream_name":"stdout","time":14434.413286562,"data":"[x] 12 figures, tables, transcripts handed on\n"}
,{"stream_name":"stdout","time":14434.414267469,"data":"§4.3 language pilot on tier1 (200 utts): decision = hi\n"}
,{"stream_name":"stdout","time":14434.415181534,"data":"    hi               WER=0.4814 B-WER=0.6588 U-WER=0.4341\n"}
,{"stream_name":"stdout","time":14434.416122699,"data":"    en               WER=1.0108 B-WER=0.7505 U-WER=1.0801\n"}
,{"stream_name":"stdout","time":14434.417085952,"data":"    auto             WER=0.6815 B-WER=0.7676 U-WER=0.6585\n"}
,{"stream_name":"stdout","time":14434.4179879,"data":"§4.2 model pilot on tier1 (200 utts): decision = large-v3\n"}
,{"stream_name":"stdout","time":14434.418927911,"data":"    large-v3-turbo   WER=0.5222 B-WER=0.7036 U-WER=0.4739 wall=2.2min\n"}
,{"stream_name":"stdout","time":14434.419821317,"data":"    large-v3         WER=0.4814 B-WER=0.6588 U-WER=0.4341 wall=0.0min\n"}
,{"stream_name":"stdout","time":14434.42057832,"data":"--- tier1: 3 conditions (+11 sweep runs) ----------------------------------------\n"}
,{"stream_name":"stdout","time":14434.421560184,"data":"    condition           WER    B-WER    U-WER  termF1   echo\n"}
,{"stream_name":"stdout","time":14434.422727142,"data":"    B0               0.4814   0.6588   0.4341  0.4796      -\n"}
,{"stream_name":"stdout","time":14434.423543502,"data":"    G                0.4549   0.5245   0.4364  0.5866  0.005  (-0.0265)\n"}
,{"stream_name":"stdout","time":14434.424463344,"data":"    M2               0.4549   0.5245   0.4364  0.5866  0.005  (-0.0265)\n"}
,{"stream_name":"stdout","time":14434.425362906,"data":"--- tier2: 12 conditions ----------------------------------------\n"}
,{"stream_name":"stdout","time":14434.426263046,"data":"    condition           WER    B-WER    U-WER  termF1   echo\n"}
,{"stream_name":"stdout","time":14434.42713824,"data":"    B0               0.4562   0.6184   0.4122  0.4983      -\n"}
,{"stream_name":"stdout","time":14434.427900193,"data":"    C1               0.3956   0.4087   0.3920  0.6414  0.024  (-0.0606)\n"}
,{"stream_name":"stdout","time":14434.428714887,"data":"    C2               0.6966   0.8065   0.6668  0.4981  0.021  (+0.2404)\n"}
,{"stream_name":"stdout","time":14434.429486574,"data":"    C3               0.6911   0.7189   0.6835  0.5363  0.016  (+0.2349)\n"}
,{"stream_name":"stdout","time":14434.43035225,"data":"    G                0.4192   0.4579   0.4087  0.6129  0.000  (-0.0370)\n"}
,{"stream_name":"stdout","time":14434.431189249,"data":"    M1               0.5408   0.5958   0.5258  0.5620  0.003  (+0.0846)\n"}
,{"stream_name":"stdout","time":14434.432025692,"data":"    M1+M3a           0.5440   0.6032   0.5280  0.5508  0.003  (+0.0878)\n"}
,{"stream_name":"stdout","time":14434.432930777,"data":"    M1_glossary      0.4786   0.6672   0.4274  0.5496  0.000  (+0.0224)\n"}
,{"stream_name":"stdout","time":14434.433775951,"data":"    M1_utterance     0.5629   0.6302   0.5447  0.5513  0.004  (+0.1067)\n"}
,{"stream_name":"stdout","time":14434.434503215,"data":"    M2               0.4192   0.4579   0.4087  0.6129  0.000  (-0.0370)\n"}
,{"stream_name":"stdout","time":14434.43545579,"data":"    M2+M3a           0.4243   0.4618   0.4141  0.5984  0.000  (-0.0319)\n"}
,{"stream_name":"stdout","time":14434.436219486,"data":"    M3a              0.4557   0.6032   0.4157  0.5010      -  (-0.0005)\n"}
,{"stream_name":"stdout","time":14434.436974251,"data":"  [src/status.py finished in 0m 0s]\n"}
,{"stream_name":"stdout","time":14434.438518263,"data":"report/figures/frontier_tier2_M2.png\n"}
,{"stream_name":"stdout","time":14434.448892831,"data":"report/figures/matrix_tier2.png\n"}
,{"stream_name":"stdout","time":14434.451630871,"data":"report/figures/pipeline.png\n"}
,{"stream_name":"stdout","time":14434.454524024,"data":"report/figures/sweep_m2_tier1.png\n"}
,{"stream_name":"stdout","time":14434.457526109,"data":"report/figures/sweep_m3a_tier1.png\n"}
,{"stream_name":"stdout","time":14434.460779758,"data":"report/figures/wer_by_duration_tier2_B0.png\n"}
,{"stream_name":"stdout","time":14434.463411826,"data":"\n"}
,{"stream_name":"stdout","time":14434.463427773,"data":"========================================================================\n"}
,{"stream_name":"stdout","time":14434.463432351,"data":"[08:03:42] CELL 13/13  DONE   — Results   (0m 0s)\n"}
,{"stream_name":"stdout","time":14434.463436508,"data":"========================================================================\n"}
,{"stream_name":"stdout","time":14434.464081058,"data":"\n"}
,{"stream_name":"stdout","time":14434.464103022,"data":"\n"}
,{"stream_name":"stdout","time":14434.464107722,"data":"***** SESSION COMPLETE — pick the best system from the table above, then run the Tier-3 cell in a NEW session *****\n"}
,{"stream_name":"stderr","time":14437.377201327,"data":"/usr/local/lib/python3.12/dist-packages/mistune.py:435: SyntaxWarning: invalid escape sequence '\\|'\n"}
,{"stream_name":"stderr","time":14437.377245625,"data":"  cells[i][c] = re.sub('\\\\\\\\\\|', '|', cell)\n"}
,{"stream_name":"stderr","time":14437.597107535,"data":"/usr/local/lib/python3.12/dist-packages/nbconvert/filters/filter_links.py:36: SyntaxWarning: invalid escape sequence '\\_'\n"}
,{"stream_name":"stderr","time":14437.597140891,"data":"  text = re.sub(r'_', '\\_', text) # Escape underscores in display text\n"}
,{"stream_name":"stderr","time":14438.324762053,"data":"[NbConvertApp] Converting notebook __notebook__.ipynb to notebook\n"}
,{"stream_name":"stderr","time":14438.80561213,"data":"[NbConvertApp] Writing 538911 bytes to __notebook__.ipynb\n"}
,{"stream_name":"stderr","time":14441.19190984,"data":"[NbConvertApp] Converting notebook __notebook__.ipynb to html\n"}
,{"stream_name":"stderr","time":14442.100242722,"data":"[NbConvertApp] Support files will be in __results___files/\n"}
,{"stream_name":"stderr","time":14442.100340772,"data":"[NbConvertApp] Making directory __results___files\n"}
,{"stream_name":"stderr","time":14442.100717013,"data":"[NbConvertApp] Making directory __results___files\n"}
,{"stream_name":"stderr","time":14442.10167199,"data":"[NbConvertApp] Making directory __results___files\n"}
,{"stream_name":"stderr","time":14442.101693082,"data":"[NbConvertApp] Making directory __results___files\n"}
,{"stream_name":"stderr","time":14442.10169761,"data":"[NbConvertApp] Making directory __results___files\n"}
,{"stream_name":"stderr","time":14442.101701495,"data":"[NbConvertApp] Making directory __results___files\n"}
,{"stream_name":"stderr","time":14442.101705233,"data":"[NbConvertApp] Writing 460588 bytes to __results__.html\n"}
]